Energy;cff = 2.25
eV;
;3 order
51,031;0,00103058198343345
51,535;3,30628638062605E-4
52,039;7,96210561911597E-4
52,544;9,25681927018943E-4
53,048;4,96674508946652E-4
53,553;7,11955955178979E-4
54,057;0,00104399272410848
54,562;9,35854701367817E-4
55,066;6,01018167257154E-4
55,571;8,73518610769273E-4
56,074;9,65522536011904E-4
56,574;8,19161075941201E-4
57,074;6,75627216663658E-4
57,574;6,09105203749568E-4
58,073;7,98191822846598E-4
58,573;6,50141029335688E-4
59,073;8,16037828480392E-4
59,573;7,56190584340311E-4
60,073;8,1581696227203E-4
60,573;8,45700862709604E-4
61,073;7,77269791289425E-4
61,573;8,66734911368147E-4
62,073;8,35899270715848E-4
62,572;9,17591416242508E-4
63,072;0,00106157788132232
63,572;7,87149958801635E-4
64,072;9,64458175413563E-4
64,572;8,5105218358977E-4
65,072;8,14283868441939E-4
65,572;9,06814491960353E-4
66,072;7,65118894284706E-4
66,571;8,68645557446186E-4
67,071;8,20856207006301E-4
67,571;8,9578637795197E-4
68,071;8,61588600163671E-4
68,571;8,92182990507953E-4
69,071;8,64267453271182E-4
69,571;9,29918438506667E-4
70,071;9,74850962226936E-4
70,571;9,71986565187275E-4
71,07;8,88414676588947E-4
71,57;9,26251018611422E-4
72,07;9,44242694778264E-4
72,57;9,64443679856612E-4
73,07;0,0010128129994574
73,571;9,90552193594602E-4
74,071;0,00102117636336422
74,572;0,00100840608509012
75,072;0,00109128099501206
75,572;0,00108831648644805
76,073;0,00100553747184527
76,573;0,00113756343463989
77,074;0,00115620895434799
77,574;0,00116386455640433
78,074;0,00116810614273624
78,575;0,00116358218019153
79,075;0,00118592922207792
79,576;0,00122492415363451
80,076;0,00125051066978785
80,576;0,0012225592187113
81,077;0,00127206670048272
81,577;0,00129312996970856
82,078;0,00133350763716994
82,578;0,00132183754262126
83,078;0,00136734375041985
83,579;0,00136808442935309
84,079;0,00140543663670034
84,58;0,00137902661270717
85,08;0,00143994478806677
85,581;0,00148003050924289
86,081;0,00148083647408307
86,581;0,00151536417603898
87,082;0,00153472169814587
87,582;0,00155669378872038
88,083;0,00158474136593432
88,583;0,00159542752439859
89,083;0,00163811070287295
89,584;0,00165552471003907
90,084;0,00168097371950666
90,585;0,00170372175364375
91,085;0,00172404888480954
91,585;0,00176743366252005
92,086;0,00178217465208577
92,586;0,00180765873727349
93,087;0,0018437371481875
93,587;0,0018730651698541
94,087;0,00189462500415635
94,588;0,00192684115940515
95,088;0,00194803215273928
95,589;0,00197159211280317
96,089;0,00201151597457178
96,589;0,00202404192064288
97,09;0,00205042362809084
97,59;0,00208460690256304
98,091;0,0021103496501506
98,591;0,0021450970058491
99,092;0,00216768428594853
99,592;0,00219021672886002
100,092;0,00221652641467463
100,593;0,00224833568040743
101,093;0,00227463551519787
101,594;0,00230117548435564
102,094;0,00233370112123193
102,595;0,00236385878394393
103,095;0,00239436556655052
103,595;0,00242220264321265
104,096;0,00245565802862726
104,596;0,00248509918215338
105,097;0,0025251392853738
105,597;0,00255982802820627
106,098;0,00258903509329034
106,598;0,00262103377271359
107,098;0,00266553214545669
107,599;0,00269831829613535
108,099;0,00273474247563286
108,6;0,0027684874621513
109,1;0,0027982906579559
109,601;0,00283389364268436
110,101;0,00287530537124281
110,602;0,00290955700858937
111,102;0,00294851949480869
111,602;0,0029843237662521
112,103;0,00302203351321166
112,603;0,00305610942602653
113,104;0,00309557447679964
113,604;0,00312555833482896
114,105;0,00316517386232883
114,605;0,00319943486131036
115,105;0,00323652151289608
115,605;0,00327389675239278
116,106;0,00331085122004332
116,607;0,00334531444699658
117,107;0,00338367905657838
117,608;0,0034189934780006
118,108;0,00345536843243725
118,609;0,00348722012100515
119,109;0,00352322496142214
119,609;0,00355378022941891
121,111;0,00390112466710982
121,611;0,00386788846455374
122,112;0,00385741163464788
122,612;0,00386546796840912
123,112;0,00388121475049806
123,613;0,00390411910529514
124,113;0,00392630884875651
124,614;0,00395676759266148
125,114;0,00398307509309053
125,615;0,0040055310843378
126,115;0,00403750734237439
126,616;0,00406580083456065
127,116;0,00409949231445692
127,616;0,00412538463707407
128,117;0,00415718207052365
128,617;0,00419069864990275
129,118;0,0042189453165945
129,618;0,0042517155018449
130,119;0,00428480388531149
130,619;0,00430468682674949
131,119;0,00433551396395295
131,62;0,00437184077226399
132,12;0,00439993152067762
132,62;0,00443054791076814
133,121;0,0044621464428898
133,621;0,00449186551616274
134,122;0,00452262182434488
134,623;0,0045494548501565
135,123;0,00458085911799766
135,623;0,00461185443432653
136,124;0,0046422475180395
136,624;0,00467051891893407
137,125;0,00470081933158929
137,625;0,00473129658310945
138,126;0,00475818127428146
138,625;0,00478152160847122
139,126;0,00480956820675041
139,627;0,00483226668900781
140,127;0,00485636313839212
140,628;0,00487790764381558
141,128;0,00490128766501129
141,629;0,00491869629000393
142,129;0,00493683769333367
142,63;0,00495225232925213
143,13;0,0049665534347765
143,63;0,00498017724782196
144,13;0,00499225500094546
144,631;0,00500316824433892
145,132;0,0050124172922371
145,632;0,00502371142854946
146,133;0,00502786969676874
146,633;0,00503624789337043
147,133;0,00504078037030906
147,634;0,00504739737895104
148,133;0,00505465910468469
148,635;0,00505818173731489
149,134;0,00506137804251246
149,636;0,00506811357158241
150,136;0,00507363703734979
150,637;0,00508267738169284
151,137;0,00508873338971708
151,637;0,00509204314881989
152,138;0,00512711319693943
152,638;0,00510888240582763
153,139;0,00511744830566758
153,639;0,00512311351279572
154,14;0,00512942877675072
154,639;0,00513338016435915
155,14;0,00514027670385786
155,641;0,00514489723974886
156,141;0,00514848536607899
156,642;0,00514977955540289
157,142;0,00515255367276337
157,643;0,00515418961411697
158,142;0,00515257771067647
158,644;0,00514879016992798
159,143;0,00514427099704224
159,643;0,00513769032928159
160,145;0,00513545012037797
160,645;0,00512663086361246
161,146;0,00511076675474956
161,646;0,00510320604101235
162,147;0,00509036341646036
162,647;0,00507512561603916
163,147;0,00506345453110642
163,648;0,00504777300154948
164,148;0,00502769193920317
164,649;0,00500884221204281
165,149;0,00498825698088045
165,65;0,00497455085260398
166,15;0,00494851964639767
166,651;0,00493145825925738
167,151;0,00490746747877783
167,651;0,00489036002696258
168,152;0,00487180209075044
168,652;0,00484698707345636
169,152;0,00482672100998994
169,652;0,00480489967014313
170,153;0,00478733565197566
170,654;0,00476174309196694
171,154;0,00474071524790076
171,654;0,00472182489202108
172,154;0,0047025730609283
172,656;0,00467914014662424
173,155;0,00466682536239547
173,657;0,00465260272768834
174,157;0,00463463782890049
174,658;0,00461570489469644
175,157;0,0045951736288931
175,657;0,00457985707255079
176,158;0,0045658390033758
176,658;0,00454536936185101
177,16;0,00453066970922608
177,66;0,00450851346972392
178,16;0,00449744876669822
178,661;0,00448632515245926
179,16;0,00446959424745925
179,662;0,00445820555218626
180,162;0,00444360002344529
180,663;0,0044303769970924
181,162;0,00441482655151549
181,663;0,0044112255501216
182,163;0,00440452567526768
182,664;0,00439638516486181
183,164;0,00438974062661206
183,665;0,0043819882457513
184,165;0,00437887366268131
184,665;0,00437959858203543
185,166;0,00437234248283915
185,666;0,00436917827030188
186,168;0,00438178266270486
186,667;0,00438155483013729
187,167;0,00439998052154688
187,668;0,00437492801425256
188,168;0,00437854639533724
188,668;0,0043770707440455
189,167;0,00437784990396263
189,667;0,00438278356212132
190,166;0,00438294346588877
190,665;0,00437746437277195
191,165;0,00438783703170627
191,665;0,00437978893862623
192,163;0,00439149915592865
192,663;0,00439435391271167
193,162;0,00439436693758773
193,661;0,00439256591481922
194,161;0,00439943781493848
194,661;0,00439933451856581
195,16;0,00440879175321612
195,659;0,00441214047386567
196,158;0,00441235094961611
196,658;0,00441508246475737
197,157;0,00441767180305892
197,658;0,00442647762397382
198,157;0,00442761409773172
198,655;0,00443642190111139
199,156;0,00444178058396331
199,654;0,00443958640332431
200,155;0,00444467670937676
200,654;0,00446177482475526
201,153;0,00446321984904642
201,652;0,00447171790762998
202,151;0,00447251322638007
202,652;0,00448762805966533
203,15;0,00449641762879933
203,651;0,00450233006058125
204,149;0,00452022548712795
204,649;0,00452543108303973
205,149;0,00453298151149077
205,648;0,0045501024020459
206,148;0,00455642955421076
206,646;0,00456997467094541
207,147;0,00457403612174995
207,645;0,00458023281310778
208,145;0,00458900709789492
208,645;0,00460301288703792
209,143;0,00460584690206348
209,643;0,00462496708588031
210,142;0,00461619539566414
210,641;0,00463952534577588
211,141;0,00464252563146045
211,64;0,00464282275822933
212,141;0,00465084247784988
212,639;0,00465988812523131
213,14;0,00465854504299032
213,639;0,00466828771897581
214,137;0,00466687597622673
214,637;0,00467997872346235
215,137;0,0046880823708727
215,636;0,00467715478459567
216,136;0,00468663145211667
216,636;0,00469117662105666
217,134;0,0046936346914542
217,633;0,00468554092603682
218,134;0,00469272341288065
218,633;0,00469353250866022
219,132;0,0047029626988252
219,631;0,0046991634367223
220,131;0,004708107033151
220,63;0,00470652719115591
221,129;0,00470649607794721
221,629;0,00470948694030907
222,128;0,00471726521983719
222,629;0,00472141560848178
223,128;0,0046987790866052
223,626;0,00473330631524143
224,126;0,00474748632259675
224,625;0,00474917473749963
225,125;0,00476285455498417
225,624;0,00476818907846746
226,125;0,00477107063754423
226,623;0,00478251606032144
227,122;0,00479280838526891
227,622;0,00480074218470752
228,122;0,00481473774847534
228,622;0,00482053587611636
229,12;0,00483434362816259
229,619;0,00483495818121535
231,118;0,00488049472305982
232,117;0,00489855151017738
233,115;0,00492574378212253
234,114;0,0049478866407778
235,114;0,00498100918068724
236,113;0,00502750932873873
237,112;0,00506198326484512
238,109;0,00508963290077103
239,108;0,00512562420810156
240,106;0,00512852880738274
241,106;0,00516999540117898
242,104;0,00520568366340441
243,105;0,00524289360456846
244,104;0,00527966538318591
245,101;0,00530317281500178
246,1;0,00535188713633684
247,1;0,00538071018427085
248,098;0,00540463929571187
249,097;0,00544640264045881
250,096;0,00547392893928742
251,096;0,00550219248694307
252,093;0,00553054084174215
253,092;0,00556472224706084
254,09;0,00557689915588283
255,09;0,00559869936952785
256,089;0,00564091938342275
257,088;0,00565961838872511
258,087;0,00573260984547104
259,086;0,00573164391015355
260,085;0,00576781076092845
261,083;0,00578353078620609
262,083;0,00581958412198364
263,082;0,0058712628084351
264,079;0,00590785990186519
265,078;0,00595608970321749
266,077;0,00599046411848598
267,076;0,00603673545741639
268,075;0,00607172514982277
269,075;0,00610220477379728
270,073;0,00613219194062098
271,071;0,00617165280925077
272,07;0,00619919562358004
273,069;0,0062239015363307
274,069;0,00624617474809472
275,068;0,00625684005561399
276,065;0,00628468851988186
277,064;0,00628478668876777
278,063;0,00631240383233555
279,062;0,0063349349434552
280,061;0,00635791171373937
281,06;0,0063324631386544
282,059;0,00643065695203616
283,057;0,00641190223671715
284,057;0,00672648351448967
285,055;0,00655568468991049
286,054;0,00646251921706387
287,053;0,00655682652365466
288,051;0,00647438035960686
289,05;0,00707962636648283
290,049;0,00647617929636318
291,048;0,00663342884342265
292,046;0,00634510329679786
293,046;0,00684279928038639
294,045;0,00673613065168026
295,044;0,00663066347686885
296,041;0,00661069027814401
297,042;0,00685596618190233
298,039;0,00675767473702204
299,039;0,00706002644270633
300,038;0,00699432203729586
301,038;0,00705601544987804
302,035;0,00711680863481685
303,033;0,00707088825824164
304,033;0,00720114789033906
305,033;0,00735141328695202
306,032;0,00715314184923367
307,031;0,00721504017829111
308,028;0,00728269078544996
309,027;0,0072857511022907
310,027;0,00728635094260726
311,025;0,00735027635976496
312,025;0,00745275806187482
313,023;0,007395849929127
314,022;0,00740061923845867
315,02;0,00747640348595589
316,02;0,00750377713409234
317,018;0,00756641008599683
318,017;0,00760831045816667
319,016;0,00765726704751644
320,015;0,00765367735714984
321,012;0,00770698758462602
322,012;0,00778983712699501
323,012;0,00776343960792635
324,01;0,00785090618794024
325,008;0,0078830128902739
326,008;0,00789431919021369
327,005;0,00798590328005425
328,005;0,00801626612620086
329,004;0,00806996789393634
330,002;0,00811820264302856
331,002;0,0081792599862814
332,002;0,00818424326324718
332,999;0,00826761529355584
333,998;0,00828410371511803
334,997;0,00831884703066215
335,995;0,00837309194571962
336,994;0,00842280378396178
337,995;0,00842349693236332
338,993;0,00846813174491606
339,991;0,00850333577647121
340,99;0,00851538194163352
341,988;0,00854736714889987
342,987;0,0086018206599044
343,987;0,0085837850461344
344,986;0,00864689871431215
345,985;0,00868916003878867
346,984;0,00870789777239317
347,982;0,00877995510957646
348,982;0,00883589521854693
349,979;0,00887758232045417
350,98;0,00887843242432039
351,977;0,00896494041571981
352,973;0,00903266934924801
353,969;0,00911122542290246
354,962;0,00910059898189192
355,96;0,00912751942826901
356,952;0,00919470227641972
357,949;0,0092032836894573
358,943;0,00927493434664749
359,938;0,00927355610739047
360,932;0,00936610240592591
361,928;0,00942035654543633
362,922;0,00946709513644009
363,916;0,009516016673317
364,912;0,00954258609043157
365,907;0,00959828774758261
366,901;0,00967545127423518
367,895;0,00968517321816483
368,891;0,00972365902788213
369,886;0,00975604578084683
370,879;0,00980836408453634
371,876;0,00985942199532804
372,871;0,00987012631280118
373,866;0,00992369431940275
374,859;0,00998465143512551
375,855;0,0100210392269376
376,851;0,0100626544810557
377,843;0,0101133579230318
378,841;0,0101711738860209
379,835;0,0101928922984061
380,83;0,0102396794602274
381,825;0,0103178609339379
382,819;0,0103576746423165
383,815;0,0103749916196727
384,809;0,0104101712727427
385,803;0,0105454346775401
386,798;0,0105286774572293
387,792;0,0105625937009453
388,788;0,0106156000802671
389,782;0,0108653586248014
390,777;0,0106288837153322
391,773;0,0106768477373264
392,768;0,0107303117176094
393,762;0,0107546246208161
394,759;0,0107903571167077
395,75;0,0108199732094117
396,747;0,0108442677490491
397,742;0,0107764481678071
398,736;0,01087476349295
399,73;0,0109266433340216
400,725;0,011010670236208
401,72;0,0111056908712627
402,716;0,011150120175102
403,711;0,0111978094242814
404,704;0,0112566029142665
405,701;0,0113219708246482
406,694;0,0113759909012257
407,689;0,0114225714055901
408,685;0,0114904695317174
409,678;0,0115266454903984
410,674;0,0115543029762723
411,67;0,0115951248993736
412,663;0,0116431573818949
413,66;0,0116951432142924
414,652;0,0117501354413352
415,649;0,0117735962583137
416,642;0,0118305521322664
417,639;0,0118676029376394
418,633;0,0118900773983779
419,629;0,0119367550645038
420,623;0,011960245442024
421,619;0,0119934363747711
422,613;0,0120352876636574
423,605;0,0120751685810566
424,601;0,0120898513936159
425,598;0,0122107567272555
426,592;0,0121627222612144
427,587;0,0121953904870952
428,584;0,0122275197037284
429,576;0,0122733023329483
430,571;0,0123131560797316
431,569;0,0123541712399281
432,563;0,0123887250862644
433,558;0,0124301914720145
434,549;0,0124645408217405
435,549;0,0125045298096296
436,542;0,0125495720621715
437,535;0,0125860398253954
438,532;0,0126375576057151
439,525;0,0126630679880242
440,524;0,0127104814368741
441,515;0,0127531280241694
442,511;0,0128015064106735
443,504;0,0128425411360313
444,499;0,0128743272326947
445,496;0,0129162812041074
446,487;0,0129634633457067
447,484;0,0129894874107026
448,477;0,0130357235099285
449,475;0,0130725289639063
450,47;0,0131133316011837
451,462;0,0131520362232369
452,458;0,0131856236436494
453,45;0,0132202324644809
454,44;0,0132621784992844
455,433;0,0132957282528246
456,425;0,013326244210701
457,415;0,013368711602052
458,408;0,0133972157428285
459,402;0,0134401462074786
460,389;0,0134772633463101
461,383;0,0135074317745192
462,374;0,0135461168615379
463,365;0,0135816444731115
464,356;0,0136210955568978
465,348;0,0136578125451778
466,34;0,0137034830271579
467,331;0,0137466368969585
468,321;0,0137828374871611
469,314;0,0138218189840577
470,302;0,013857230624179
471,296;0,0139047360610116
472,288;0,0139544321098678
473,279;0,0139931458772683
474,272;0,0140372681004469
475,26;0,0140781947629872
476,252;0,0141199501567453
477,244;0,0141677365442414
478,234;0,0142155606929804
479,229;0,0142849104387047
480,221;0,0143082956699779
481,211;0,0143523456085021
482,202;0,0143958501353783
483,19;0,01443679903225
484,184;0,0144500566068746
485,176;0,014501261369228
486,165;0,0145246736591686
487,159;0,0145573030102071
488,15;0,0145954890003599
489,141;0,0146315061535789
490,133;0,0146430947402296
491,123;0,0146750753371976
492,116;0,0146962369926066
493,109;0,0147182857739411
494,101;0,0147401889152375
495,09;0,0147592526503623
496,079;0,014790298968638
497,071;0,0148064009386258
498,064;0,0148418551010566
499,056;0,0148671500786551
500,047;0,0148788196063954
501,043;0,0148898134128023
502,029;0,0148981737650376
503,023;0,0149266501726862
504,013;0,0149240885552093
505,002;0,0149333528621772
505,993;0,0149433380021954
506,987;0,0149486990156522
507,977;0,0149363075275219
508,97;0,014934413222916
509,959;0,0149063893517923
510,952;0,0148975055939743
511,943;0,0148832086874587
512,935;0,0148596291260681
513,927;0,0148256835848204
514,915;0,0147565426347798
515,906;0,0147096971220708
516,902;0,0146477834918801
517,894;0,0146243943731384
518,882;0,0146301312594763
519,873;0,0146996189371551
520,866;0,0147893242400309
521,855;0,0148439391728771
522,846;0,0148425825119458
523,842;0,0148622818896433
524,833;0,0148800555137459
525,822;0,0149138753160419
526,817;0,0149881825086508
527,806;0,0150698383317205
528,797;0,0151450372063909
529,788;0,0151110181171785
530,779;0,0151864423409523
531,769;0,0153429457791289
532,76;0,0153964559686525
533,75;0,0155540114171238
534,746;0,0155867005736716
535,735;0,0155906187938157
536,727;0,0155958712398728
537,717;0,0156480422465512
538,708;0,0156826556498263
539,703;0,0157643118907624
540,693;0,0158406812725772
541,683;0,0159047564600679
542,676;0,0159509460047564
543,665;0,0160366724110427
544,658;0,0161172861493144
545,648;0,0161993747796184
546,64;0,016262093413463
547,632;0,0163145566943765
548,623;0,0163705174498045
549,615;0,016414619305255
550,605;0,0164705719336856
551,596;0,0165224236657058
552,588;0,016588614736185
553,577;0,0166339511521508
554,572;0,0166952449827786
555,56;0,0167490708613929
556,555;0,01680787288425
557,543;0,0168600781429298
558,536;0,0169205397300341
559,531;0,0169669749163555
560,518;0,0170250316026302
561,511;0,0170798801558617
562,501;0,0171218135908178
563,496;0,0171519016376316
564,485;0,0171945815438536
565,474;0,0172224020832806
566,469;0,017257867198949
567,459;0,017288919158172
568,452;0,017328157115835
569,445;0,0173568894900772
570,434;0,0174088227047178
571,424;0,0174231900979741
572,418;0,017455028560956
573,406;0,0175052251330071
574,401;0,0175435022042677
575,394;0,0175662234885011
576,38;0,0176423515932657
577,374;0,0176515337682461
578,365;0,0176976433652937
579,357;0,0177439360794912
580,348;0,0177807907771764
581,339;0,0178421773826662
582,328;0,0178546508910009
583,322;0,0178862974918857
584,314;0,0179204706888927
585,304;0,0179541955242632
586,293;0,0179874257125155
587,289;0,0180289975880768
588,281;0,0180484636867987
589,268;0,0180709079356524
590,259;0,0181537702204017
591,256;0,0181672821711491
592,245;0,0182000237811579
593,235;0,0182252343715975
594,226;0,0182730830207272
595,218;0,0183139903622071
596,21;0,0183468927156694
597,203;0,0183915793881166
598,19;0,0183951709144071
599,182;0,0184666828183512
600,177;0,0184777416852584
601,165;0,0184965284910598
602,158;0,0185109601484431
603,15;0,0185570010336347
604,141;0,0185615498971063
605,13;0,0186165345239618
606,126;0,0186244369780068
607,115;0,0186467723668296
608,11;0,0186694977838318
609,104;0,0186857851231837
610,088;0,0187169327698813
611,081;0,0187383989726986
612,07;0,0187639512695551
613,064;0,0187992515248875
614,057;0,0188490311217911
615,047;0,0188800296896577
616,04;0,0189168749905592
617,034;0,0189735239082806
618,022;0,0190374233803205
619,01;0,0190853137663304
620,001;0,0191819782176469
620,993;0,0192139288124874
621,982;0,0192909122228471
622,975;0,0193417657451235
623,968;0,019393880316891
624,962;0,019427530791421
625,95;0,0194959347576506
626,941;0,0195209859095173
627,935;0,0195715704456053
628,927;0,0196289078576346
629,918;0,0196570522342362
630,911;0,0197009860990524
631,9;0,0197633254525361
632,891;0,0197716256562668
633,887;0,0198199942141663
634,877;0,0198648554977912
635,869;0,0199171500730585
636,861;0,0199277939366159
637,851;0,0196161310394826
638,84;0,0200897337652216
639,83;0,0201448138776217
640,825;0,0201510432000059
641,815;0,0202235950880257
642,806;0,0202472970197013
643,794;0,0203323620904771
644,786;0,0203210076366466
645,777;0,0204110828346659
646,773;0,0204745971310752
647,764;0,0204925105674513
