energy_ev,efficiency_order_-25,efficiency_order_-24,efficiency_order_-23,efficiency_order_-22,efficiency_order_-21,efficiency_order_-20,efficiency_order_-19,efficiency_order_-18,efficiency_order_-17,efficiency_order_-16,efficiency_order_-15,efficiency_order_-14,efficiency_order_-13,efficiency_order_-12,efficiency_order_-11,efficiency_order_-10,efficiency_order_-9,efficiency_order_-8,efficiency_order_-7,efficiency_order_-6,efficiency_order_-5,efficiency_order_-4,efficiency_order_-3,efficiency_order_-2,efficiency_order_-1,efficiency_order_0,efficiency_order_1,efficiency_order_2,efficiency_order_3,efficiency_order_4,efficiency_order_5,efficiency_order_6,efficiency_order_7,efficiency_order_8,efficiency_order_9,efficiency_order_10,efficiency_order_11,efficiency_order_12,efficiency_order_13,efficiency_order_14,efficiency_order_15,efficiency_order_16,efficiency_order_17,efficiency_order_18,efficiency_order_19,efficiency_order_20,efficiency_order_21,efficiency_order_22,efficiency_order_23,efficiency_order_24,efficiency_order_25,diffraction_angle_deg_order_-25,diffraction_angle_deg_order_-24,diffraction_angle_deg_order_-23,diffraction_angle_deg_order_-22,diffraction_angle_deg_order_-21,diffraction_angle_deg_order_-20,diffraction_angle_deg_order_-19,diffraction_angle_deg_order_-18,diffraction_angle_deg_order_-17,diffraction_angle_deg_order_-16,diffraction_angle_deg_order_-15,diffraction_angle_deg_order_-14,diffraction_angle_deg_order_-13,diffraction_angle_deg_order_-12,diffraction_angle_deg_order_-11,diffraction_angle_deg_order_-10,diffraction_angle_deg_order_-9,diffraction_angle_deg_order_-8,diffraction_angle_deg_order_-7,diffraction_angle_deg_order_-6,diffraction_angle_deg_order_-5,diffraction_angle_deg_order_-4,diffraction_angle_deg_order_-3,diffraction_angle_deg_order_-2,diffraction_angle_deg_order_-1,diffraction_angle_deg_order_0,diffraction_angle_deg_order_1,diffraction_angle_deg_order_2,diffraction_angle_deg_order_3,diffraction_angle_deg_order_4,diffraction_angle_deg_order_5,diffraction_angle_deg_order_6,diffraction_angle_deg_order_7,diffraction_angle_deg_order_8,diffraction_angle_deg_order_9,diffraction_angle_deg_order_10,diffraction_angle_deg_order_11,diffraction_angle_deg_order_12,diffraction_angle_deg_order_13,diffraction_angle_deg_order_14,diffraction_angle_deg_order_15,diffraction_angle_deg_order_16,diffraction_angle_deg_order_17,diffraction_angle_deg_order_18,diffraction_angle_deg_order_19,diffraction_angle_deg_order_20,diffraction_angle_deg_order_21,diffraction_angle_deg_order_22,diffraction_angle_deg_order_23,diffraction_angle_deg_order_24,diffraction_angle_deg_order_25
50.0,9.108481544207028e-05,5.895007012792017e-05,6.827960733958666e-05,8.437374961726262e-05,7.703981148895307e-05,8.547957285487229e-05,0.00010195677077022847,0.00011268792067807837,0.00010443137159917182,0.00013923746910671813,0.0001734125849819729,0.00012095824580447961,0.00022445439108391367,0.00027305921329302113,0.00013439455389050746,0.0004414740947687927,0.00043269271326702887,0.00017619408139559796,0.0010723058764532001,0.0006876298770139946,0.0005277113877910644,0.0035405603370739593,0.00112067412106722,0.0057188049466298605,0.03919290433860886,0.7572809393075579,0.0,0.0,0.0,0.0,0.0,0.0,0.0,0.0,0.0,0.0,0.0,0.0,0.0,0.0,0.0,0.0,0.0,0.0,0.0,0.0,0.0,0.0,0.0,0.0,0.0,41.443908863445074,40.57788377207388,39.69629578466584,38.79805365811375,37.881942056276806,36.946600757765104,35.99049916925804,35.01190478081956,34.00884370553947,32.97905073283735,31.919905276127125,30.828348020108905,29.700770649131364,28.532867207683132,27.319429403774024,26.054057638388535,24.728741050446132,23.333225797914665,21.854024375341254,20.272780035826898,18.563384620134798,16.68644527017065,14.577325397340658,12.115293466158093,9.015622340555609,4.000000000000043,0.0,0.0,0.0,0.0,0.0,0.0,0.0,0.0,0.0,0.0,0.0,0.0,0.0,0.0,0.0,0.0,0.0,0.0,0.0,0.0,0.0,0.0,0.0,0.0,0.0
60.0,0.00021499392928393728,0.0001170014059721572,0.00013615344596406366,0.00017317065556821137,0.00013558006285310347,0.0001663914121726479,0.0001904291457215074,0.00018580134466487965,0.00020021356646699514,0.00023335983024138713,0.0002767080778578759,0.0002274121939550665,0.0003395879467088603,0.0004293574871986078,0.00024160618768263853,0.000626982764389349,0.0006758775047051288,0.0002765192648431829,0.0014909939450308887,0.0010712417564667153,0.0006922378627307337,0.004919282053748147,0.0017485683798094478,0.007553927110415675,0.05451932085391625,0.7507647092909595,0.0,0.0,0.0,0.0,0.0,0.0,0.0,0.0,0.0,0.0,0.0,0.0,0.0,0.0,0.0,0.0,0.0,0.0,0.0,0.0,0.0,0.0,0.0,0.0,0.0,37.727426310053325,36.94660075776511,36.151361892615924,35.34071849210817,34.513566655703976,33.66867098629079,32.804641534161746,31.91990527612714,31.012670458853336,30.0808814961542,29.122161170553625,28.133735479709266,27.112334302138407,26.05405763838855,24.95419162388059,23.80694914738052,22.605093498036354,21.33937330915093,19.997638457525795,18.563384620134826,17.01319792164763,15.311873059069754,13.401935191968363,11.176900501616302,8.389645509317276,4.000000000000128,0.0,0.0,0.0,0.0,0.0,0.0,0.0,0.0,0.0,0.0,0.0,0.0,0.0,0.0,0.0,0.0,0.0,0.0,0.0,0.0,0.0,0.0,0.0,0.0,0.0
70.0,0.0003071569698341558,0.0001753630641096635,0.00018769623658067888,0.0002538550496389248,0.00018867080491196585,0.00023231010275543353,0.00027995906655015155,0.00024466058508518023,0.00028810765725069155,0.00033300189020577767,0.0003538171139696897,0.000340884376928196,0.0004533228544839092,0.0005483566579971144,0.0003757804202070874,0.0007830644711071882,0.0008791376094217216,0.00041671583992311626,0.0018190517967807327,0.001432046928161308,0.0008675805579982083,0.006093757961257602,0.002407874660184361,0.009185172548794803,0.06971721624934782,0.7281009772106755,0.0,0.0,0.0,0.0,0.0,0.0,0.0,0.0,0.0,0.0,0.0,0.0,0.0,0.0,0.0,0.0,0.0,0.0,0.0,0.0,0.0,0.0,0.0,0.0,0.0,34.87015771828826,34.153718444275434,33.42382294097402,32.67955763961033,31.919905276127125,31.143727622325613,30.3497443387063,29.536506828714217,28.702365570412915,27.845428820199288,26.963509729777833,26.054057638388535,25.114067339116176,24.13995702449016,23.127400592828295,22.071091552917864,20.964400995176362,19.798865027537445,18.563384620134798,17.242912058772163,15.816153021261798,14.251197562253566,12.496206306817058,10.45589172636997,7.9124896307686186,4.000000000000043,0.0,0.0,0.0,0.0,0.0,0.0,0.0,0.0,0.0,0.0,0.0,0.0,0.0,0.0,0.0,0.0,0.0,0.0,0.0,0.0,0.0,0.0,0.0,0.0,0.0
80.0,0.0004931445985322787,0.0002868359499695982,0.0002810178577449095,0.0003963724745890561,0.0002847624099730331,0.00034232767196859255,0.0004302686166595493,0.00034463026494680263,0.000426458907239919,0.0004933383875567274,0.0004746505574472479,0.0005122211072544333,0.0006272002235787401,0.0007210738084048087,0.0005730127601791691,0.0010037586667153155,0.001158421743451032,0.000619157060685719,0.0022429335936079305,0.0019112181505749873,0.0011017855144233434,0.007528856767454446,0.0032638435320075185,0.011090179933601617,0.08777503906534213,0.7136148735857895,0.0,0.0,0.0,0.0,0.0,0.0,0.0,0.0,0.0,0.0,0.0,0.0,0.0,0.0,0.0,0.0,0.0,0.0,0.0,0.0,0.0,0.0,0.0,0.0,0.0,32.5854646759068,31.91990527612714,31.24169581805971,30.549985501411136,29.84382714337211,29.122161170553625,28.383796025086852,27.62738395184673,26.85139076255797,26.05405763838855,25.23335224938701,24.38690529633689,23.51192678300849,22.605093498036354,21.662394599301848,20.678914499078303,19.6485188177962,18.563384620134826,17.413268710318007,16.18430978152439,14.856940312447804,13.401935191968363,11.772044157333355,9.881078656044693,7.534952908764481,4.000000000000128,0.0,0.0,0.0,0.0,0.0,0.0,0.0,0.0,0.0,0.0,0.0,0.0,0.0,0.0,0.0,0.0,0.0,0.0,0.0,0.0,0.0,0.0,0.0,0.0,0.0
90.0,0.000676239685231579,0.000433321837730086,0.0003951894783506231,0.0005586695436321115,0.0004187178164174535,0.000474777892868934,0.000616578222496125,0.0004834458394969044,0.0005937791118091947,0.0007035120904629887,0.0006314944920950217,0.0007253000676247252,0.0008569153006850594,0.000928718150070652,0.000828556539431442,0.0012763408836866514,0.0014828186750543335,0.0008920619895707171,0.002712894322638612,0.002469257656180435,0.001399502105275381,0.009059622236743767,0.004274688019262846,0.013100343621472502,0.10749566579159972,0.6979911495300302,0.0,0.0,0.0,0.0,0.0,0.0,0.0,0.0,0.0,0.0,0.0,0.0,0.0,0.0,0.0,0.0,0.0,0.0,0.0,0.0,0.0,0.0,0.0,0.0,0.0,30.704912515712067,30.080881496154184,29.444889088523126,28.796136703899045,28.13373547970925,27.45669132490191,26.763886623772734,26.054057638388535,25.3257663055293,24.57736462946967,23.806949147380507,23.01230186044222,22.19081236476336,21.33937330915093,20.454237086533084,19.530814598225575,18.563384620134798,17.544659849708694,16.46511246866092,15.311873059069725,14.066817881848479,12.702966158118315,11.176900501616302,9.410012267886245,7.227774780095132,4.000000000000043,0.0,0.0,0.0,0.0,0.0,0.0,0.0,0.0,0.0,0.0,0.0,0.0,0.0,0.0,0.0,0.0,0.0,0.0,0.0,0.0,0.0,0.0,0.0,0.0,0.0
100.0,0.00074017646758269,0.000529480842897495,0.0005028551807419845,0.0006747937595534672,0.0005460969695045934,0.0006209996181003549,0.0007948884524863756,0.000646853586918318,0.0007962319958786157,0.0009398899877672665,0.0008276847085523277,0.0009951714408337148,0.0011266099761482397,0.0011819487014883853,0.001159727739879566,0.0015791750444192865,0.0018674716951239984,0.0012472206005816754,0.003188628540864883,0.003126189582089449,0.001750987116708026,0.01059099371958109,0.005464540822784463,0.015069928588681062,0.12815464879722926,0.6788089550009603,0.0,0.0,0.0,0.0,0.0,0.0,0.0,0.0,0.0,0.0,0.0,0.0,0.0,0.0,0.0,0.0,0.0,0.0,0.0,0.0,0.0,0.0,0.0,0.0,0.0,29.12216117055361,28.532867207683132,27.932208022155038,27.319429403774024,26.693692075849476,26.054057638388535,25.39947137852822,24.728741050446132,24.040510406174633,23.333225797914665,22.60509349803634,21.854024375341254,21.07756102550144,20.272780035826898,19.43615815678045,18.563384620134798,17.649090489235533,16.68644527017065,15.666531340439832,14.577325397340658,13.401935191968334,12.115293466158093,10.677246924869166,9.015622340555609,6.972349028947534,4.000000000000043,0.0,0.0,0.0,0.0,0.0,0.0,0.0,0.0,0.0,0.0,0.0,0.0,0.0,0.0,0.0,0.0,0.0,0.0,0.0,0.0,0.0,0.0,0.0,0.0,0.0
110.0,0.0007449830147922543,0.000552589423467669,0.000551356735659874,0.0007150673400534919,0.000598400900406252,0.0007155019260502915,0.0009116857576870808,0.0007739526474665704,0.000994785843279084,0.0011881653287079282,0.0010319985253491176,0.0013241085300194526,0.0014528729677198656,0.0014534420649689275,0.001594265584330733,0.0019169536654364725,0.002277207898453363,0.001722427594294756,0.003633449747824458,0.00384024124599036,0.0021895045809792856,0.01199003813218095,0.006787752255034287,0.0169241174134067,0.14879279648288884,0.6553018289496468,0.0,0.0,0.0,0.0,0.0,0.0,0.0,0.0,0.0,0.0,0.0,0.0,0.0,0.0,0.0,0.0,0.0,0.0,0.0,0.0,0.0,0.0,0.0,0.0,0.0,27.766322168098476,27.20664893719892,26.636132708510218,26.054057638388535,25.45962732759172,24.851951542714687,24.2300299857246,23.592732267871042,22.938772943565866,22.26668002829814,21.574754793732083,20.861019691517996,20.12314981933116,19.358381089041814,18.563384620134798,17.73409081271616,16.86543602782575,15.950985698613678,14.982351111948859,13.948242344473982,12.832834315133255,11.612716944258509,10.250559696102783,8.679735599183942,6.756222279782023,4.000000000000043,0.0,0.0,0.0,0.0,0.0,0.0,0.0,0.0,0.0,0.0,0.0,0.0,0.0,0.0,0.0,0.0,0.0,0.0,0.0,0.0,0.0,0.0,0.0,0.0,0.0
120.0,0.0006255357395268514,0.0004911866457804439,0.000505752811118007,0.0006360457094729647,0.0005327437628888614,0.0006487161788306808,0.0008065720086242036,0.0006957210914576375,0.0009477460703461291,0.0011665095085921398,0.0010647752020591316,0.001479632935234148,0.0016995009499049824,0.0016313525320053425,0.002027655231697891,0.0022682847934152634,0.00259401662204441,0.002305918084612858,0.003986265671545192,0.004454452786619821,0.002749923938340786,0.012942830703873498,0.008042252253282119,0.018426573491757903,0.16633203399227572,0.6218515691121702,0.0,0.0,0.0,0.0,0.0,0.0,0.0,0.0,0.0,0.0,0.0,0.0,0.0,0.0,0.0,0.0,0.0,0.0,0.0,0.0,0.0,0.0,0.0,0.0,0.0,26.5880783549623,26.05405763838855,25.509656133659917,24.95419162388059,24.38690529633689,23.80694914738052,23.21337059431326,22.605093498036354,21.980894517242845,21.33937330915093,20.67891449907833,19.997638457525795,19.293336575596342,18.563384620134826,17.80462435107323,17.01319792164763,16.18430978152439,15.311873059069754,14.387963517781984,13.401935191968363,12.338899720932346,11.176900501616302,9.881078656044693,8.389645509317276,6.570714442852491,4.000000000000128,0.0,0.0,0.0,0.0,0.0,0.0,0.0,0.0,0.0,0.0,0.0,0.0,0.0,0.0,0.0,0.0,0.0,0.0,0.0,0.0,0.0,0.0,0.0,0.0,0.0
130.0,0.0005011341967664938,0.00040305889726601954,0.00044210759412308386,0.0005382523297255312,0.0004653155955308931,0.0005720619412048348,0.0006981474822661098,0.000589393066861766,0.0008099446342834933,0.0009632827530107435,0.0008804924827456054,0.0012954475230482327,0.0015613464344301777,0.0015462731275983094,0.002153408969316793,0.002462878861500184,0.0026936553338698264,0.002823499510047609,0.004224383433356078,0.004824590427002005,0.0033848422647637113,0.013392831328785004,0.009022728521157245,0.019599414287147957,0.17925619915067734,0.5789841787429453,0.0,0.0,0.0,0.0,0.0,0.0,0.0,0.0,0.0,0.0,0.0,0.0,0.0,0.0,0.0,0.0,0.0,0.0,0.0,0.0,0.0,0.0,0.0,0.0,0.0,25.55191680686734,25.040397211545553,24.51890962427933,23.986801636398738,23.44334775792099,22.887737429280307,22.319060381202533,21.73628858867596,21.138253797703968,20.523619220618087,19.890843436975487,19.238133704924607,18.563384620134784,17.86409607789507,17.137261306119782,16.379210436004684,15.58538591965737,14.750009564284554,13.865569460383654,12.921991178661202,11.905217349750558,10.794579595613783,9.557405601711935,8.136169892284855,6.409572995038118,3.999999999999943,0.0,0.0,0.0,0.0,0.0,0.0,0.0,0.0,0.0,0.0,0.0,0.0,0.0,0.0,0.0,0.0,0.0,0.0,0.0,0.0,0.0,0.0,0.0,0.0,0.0
140.0,0.00040843706895264366,0.0003239166468346911,0.0003720234829830985,0.0004394417248343351,0.00038557326002837687,0.0004901998671124393,0.0005855237655968143,0.0005052970889761491,0.000695995134099805,0.0008157133384540672,0.0007182488707783946,0.0010744999738144978,0.0012569216548750186,0.001260562934761759,0.0018974406758506146,0.0023046036282504904,0.002505672075161925,0.0030829896891858676,0.00429477875357787,0.004907176386173216,0.00402873646058574,0.013413450417343596,0.009685853698427236,0.020538530886247533,0.18758101595443477,0.5308621852913282,0.0,0.0,0.0,0.0,0.0,0.0,0.0,0.0,0.0,0.0,0.0,0.0,0.0,0.0,0.0,0.0,0.0,0.0,0.0,0.0,0.0,0.0,0.0,0.0,0.0,24.631527759186,24.13995702449016,23.638789879869734,23.127400592828295,22.60509349803634,22.071091552917864,21.524522367911075,20.964400995176362,20.3896085063504,19.798865027537445,19.190695371391683,18.563384620134798,17.91491981726459,17.242912058772163,16.544490275662753,15.816153021261798,15.05355599411152,14.251197562253566,13.401935191968334,12.496206306817058,11.520697333479006,10.45589172636997,9.27106825583462,7.9124896307686186,6.268169548557026,4.000000000000043,0.0,0.0,0.0,0.0,0.0,0.0,0.0,0.0,0.0,0.0,0.0,0.0,0.0,0.0,0.0,0.0,0.0,0.0,0.0,0.0,0.0,0.0,0.0,0.0,0.0
150.0,0.00033555888225438247,0.0002648928353197881,0.00030925258923794065,0.0003594078663300698,0.000311307918755848,0.0004090134371858294,0.00047424080054495667,0.0004164780796048566,0.0005829044050430251,0.00067526992995629,0.0005938319853538235,0.0008932802430609572,0.0010165432516823505,0.0009823239015468814,0.001514562864277559,0.001840551485212688,0.0020123504277736854,0.002786968479974863,0.0039131099400170465,0.004432956332741142,0.004348304576989045,0.012634708132296545,0.009598019339320004,0.020858540037459565,0.187389608747559,0.4726459756161418,0.0,0.0,0.0,0.0,0.0,0.0,0.0,0.0,0.0,0.0,0.0,0.0,0.0,0.0,0.0,0.0,0.0,0.0,0.0,0.0,0.0,0.0,0.0,0.0,0.0,23.80694914738052,23.333225797914665,22.850242844068163,22.35739862129168,21.854024375341254,21.33937330915093,20.81260721870089,20.272780035826898,19.71881735546995,19.149490680969976,18.563384620134798,17.958854520446636,17.333970900377437,16.68644527017065,16.013529106660258,15.311873059069754,14.577325397340658,13.804634215692602,12.986990452752977,12.115293466158093,11.176900501616302,10.153332615240856,9.015622340555609,7.713422675659885,6.142998339829575,4.000000000000043,0.0,0.0,0.0,0.0,0.0,0.0,0.0,0.0,0.0,0.0,0.0,0.0,0.0,0.0,0.0,0.0,0.0,0.0,0.0,0.0,0.0,0.0,0.0,0.0,0.0
160.0,0.0002849430869674718,0.00022772795997962644,0.000268183792014877,0.0003072865800833895,0.0002648552530396005,0.0003540023257583104,0.00040102432810640813,0.0003530679158527842,0.0005052546665047978,0.0005713632923061157,0.000511220037434923,0.0007751789669986854,0.0008710845647155332,0.0008265492510438208,0.0012950136419440793,0.0015261048609298592,0.0016509641688880242,0.002435549875871649,0.003442441168889296,0.003888956587528688,0.0044422976149568,0.011716405229585069,0.00926214199188647,0.021067355772686324,0.1843335387940797,0.4174155606604845,0.0,0.0,0.0,0.0,0.0,0.0,0.0,0.0,0.0,0.0,0.0,0.0,0.0,0.0,0.0,0.0,0.0,0.0,0.0,0.0,0.0,0.0,0.0,0.0,0.0,23.062724375159647,22.605093498036354,22.138510171746432,21.662394599301848,21.17610247918728,20.678914499078303,20.170023522549073,19.6485188177962,19.113366448532148,18.563384620134826,17.997212298226287,17.413268710318007,16.809700268524495,16.18430978152439,15.534460149598402,14.856940312447804,14.147773622565637,13.401935191968363,12.612919034749368,11.772044157333355,10.867276770488644,9.881078656044693,8.786068711064956,7.534952908764481,6.031351292155335,4.000000000000128,0.0,0.0,0.0,0.0,0.0,0.0,0.0,0.0,0.0,0.0,0.0,0.0,0.0,0.0,0.0,0.0,0.0,0.0,0.0,0.0,0.0,0.0,0.0,0.0,0.0
170.0,0.00024101791591245314,0.0001936966254967094,0.0002313417867791336,0.00026079928132270236,0.00022499263198057955,0.0003034900416395921,0.00033816729318320986,0.0002954273428168181,0.00043191188496967864,0.0004750296788360751,0.0004287726896919345,0.0006603018304342845,0.0007272582487168922,0.0006925279040944867,0.0010965277975552598,0.0012582227724400807,0.0013376409388137238,0.0020248610408870205,0.002837392638069332,0.003175241182225972,0.004092437060201229,0.010250656902506303,0.008268219475298355,0.02050728247103855,0.17339764943533817,0.3572764261854832,0.0,0.0,0.0,0.0,0.0,0.0,0.0,0.0,0.0,0.0,0.0,0.0,0.0,0.0,0.0,0.0,0.0,0.0,0.0,0.0,0.0,0.0,0.0,0.0,0.0,22.386674066150064,21.94365216236794,21.491959448926664,21.0310361190798,20.56026022634748,20.078937587093307,19.586289471248577,19.08143745864639,18.563384620134798,18.030991870959312,17.482947890801668,16.917730332891097,16.333555025629337,15.728308285955407,15.099454930199627,14.443910384212742,13.757858124151412,13.036480848951996,12.273549626976305,11.460766897267831,10.58665483166665,9.634532883621333,8.578462776597007,7.37391453146995,5.931100707011396,4.000000000000043,0.0,0.0,0.0,0.0,0.0,0.0,0.0,0.0,0.0,0.0,0.0,0.0,0.0,0.0,0.0,0.0,0.0,0.0,0.0,0.0,0.0,0.0,0.0,0.0,0.0
180.0,0.0002233086066515743,0.0001792471244831777,0.00021558012850175074,0.00023960336828049826,0.00020728464851058618,0.0002809280260297272,0.000308534070103273,0.0002688788855845645,0.00039751042799013076,0.00042788564034248463,0.0003861398556274095,0.0006040360744731211,0.0006470383740337225,0.0006215541066415397,0.0009953869472908755,0.001110487340802845,0.001182377031716378,0.0018124099524569376,0.0024689503185420895,0.0027551892373669892,0.0037639868890541133,0.009115217719902006,0.007411882907798327,0.019935195695868768,0.16288315059143874,0.30512952903289275,0.0,0.0,0.0,0.0,0.0,0.0,0.0,0.0,0.0,0.0,0.0,0.0,0.0,0.0,0.0,0.0,0.0,0.0,0.0,0.0,0.0,0.0,0.0,0.0,0.0,21.76905373588869,21.33937330915093,20.901281570714715,20.454237086533084,19.997638457525767,19.530814598225575,19.053012891096714,18.563384620134798,18.06096687878967,17.544659849708694,17.013197921647617,16.46511246866092,15.898683146952209,15.311873059069725,14.702240730771123,14.066817881848479,13.401935191968363,12.702966158118315,11.96393641047473,11.176900501616302,10.330890706572049,9.410012267886245,8.389645509317276,7.227774780095132,5.840549916165145,4.000000000000043,0.0,0.0,0.0,0.0,0.0,0.0,0.0,0.0,0.0,0.0,0.0,0.0,0.0,0.0,0.0,0.0,0.0,0.0,0.0,0.0,0.0,0.0,0.0,0.0,0.0
190.0,0.00022553930471725807,0.00018179647770398384,0.00021797462154708437,0.000238971807270016,0.00020881679705961044,0.0002822954345028702,0.00030591756338730323,0.00026824640285845637,0.0003980967719182945,0.0004206711841401549,0.00038165068341663235,0.0006031414989769627,0.0006287759672510834,0.0006101877891165893,0.0009886176155455375,0.001064955799784548,0.0011487668038355173,0.0017827983308169035,0.0023300543242099074,0.00263574074450668,0.003710965586224681,0.00860179433889739,0.007076103999509148,0.02009000087561259,0.15780404622055752,0.267390820633808,0.0,0.0,0.0,0.0,0.0,0.0,0.0,0.0,0.0,0.0,0.0,0.0,0.0,0.0,0.0,0.0,0.0,0.0,0.0,0.0,0.0,0.0,0.0,0.0,0.0,21.201961801603474,20.784529696521247,20.358926419179156,19.92462750233959,19.48105052304014,19.027545728760387,18.563384620134798,18.087745917971517,17.599698142746774,17.098177750245895,16.581961354199663,16.04962995579325,15.49952217558176,14.929672049973433,14.337724668923613,13.720819169692376,13.075422179669076,12.397083362613174,11.680063301026976,10.916741345033458,10.096619860707108,9.204527144434891,8.217053724399236,7.094480733772272,5.758328175331556,4.000000000000043,0.0,0.0,0.0,0.0,0.0,0.0,0.0,0.0,0.0,0.0,0.0,0.0,0.0,0.0,0.0,0.0,0.0,0.0,0.0,0.0,0.0,0.0,0.0,0.0,0.0
200.0,0.0002289805808478496,0.00018667569754878476,0.0002229180609183694,0.00023956758572196485,0.00021346830597417476,0.00028741493306293345,0.0003051570671779018,0.0002725293927686452,0.0004047082172731631,0.00041709786638965973,0.00038556753514163697,0.0006131055120445171,0.000618356663970231,0.0006139881793702153,0.0010033119274826113,0.001037117076568415,0.0011466712323867521,0.0018029117348667269,0.0022435453205095707,0.002594993744949291,0.003778663136763186,0.008267227322725564,0.00685300151864318,0.020841385777289802,0.15364706452349325,0.23860146115157677,0.0,0.0,0.0,0.0,0.0,0.0,0.0,0.0,0.0,0.0,0.0,0.0,0.0,0.0,0.0,0.0,0.0,0.0,0.0,0.0,0.0,0.0,0.0,0.0,0.0,20.67891449907829,20.272780035826898,19.858697499013616,19.43615815678045,19.00459718584395,18.563384620134798,18.11181433101568,17.649090489235533,17.17431076750566,16.68644527017065,16.184309781524362,15.666531340439832,15.13150326662813,14.577325397340658,14.001723117605522,13.401935191968334,12.774554314257855,12.115293466158093,11.41863095571108,10.677246924869166,9.88107865604465,9.015622340555609,8.058583440755712,6.972349028947534,5.683315135192018,4.000000000000043,0.0,0.0,0.0,0.0,0.0,0.0,0.0,0.0,0.0,0.0,0.0,0.0,0.0,0.0,0.0,0.0,0.0,0.0,0.0,0.0,0.0,0.0,0.0,0.0,0.0
210.0,0.00020780350659938863,0.0001705838526747088,0.0002061032707265409,0.00021551638349151197,0.00019361627030891243,0.00026597342165862677,0.00027393431038434326,0.0002453693511105951,0.00037643080433192563,0.0003729827218508635,0.0003458410412975859,0.0005742881352643436,0.0005494632604066067,0.000551860023274082,0.0009439596178626839,0.0009154798199703016,0.0010332950588126317,0.0016942026570785033,0.001981824306723232,0.0023323745453171685,0.0035482677648565174,0.007536740572591191,0.005991690289852239,0.020642951338100658,0.14886721642664913,0.1927444335149292,0.049386447866148486,0.0,0.0,0.0,0.0,0.0,0.0,0.0,0.0,0.0,0.0,0.0,0.0,0.0,0.0,0.0,0.0,0.0,0.0,0.0,0.0,0.0,0.0,0.0,0.0,20.194534798443755,19.798865027537445,19.395455188444416,18.98381119855945,18.563384620134826,18.133563909262662,17.69366376630488,17.242912058772163,16.78043360412154,16.30522983876051,15.816153021261812,15.311873059069725,14.79083420461042,14.251197562253566,13.690763273626388,13.106862846525061,12.496206306817086,11.854658593029981,11.176900501616302,10.45589172636997,9.681973335802653,8.841260597125114,7.912489630768675,6.85998498024081,5.614585555098117,4.000000000000043,0.6990406976807151,0.0,0.0,0.0,0.0,0.0,0.0,0.0,0.0,0.0,0.0,0.0,0.0,0.0,0.0,0.0,0.0,0.0,0.0,0.0,0.0,0.0,0.0,0.0,0.0
220.0,0.00018930465292179698,0.00015604184105232232,0.00018929177257014592,0.00019559599445926668,0.0001761568488168693,0.00024389982958535582,0.00024892500814677573,0.00022144065732308154,0.00034622070611664454,0.0003390150954339552,0.00030978277919793386,0.0005321998251696061,0.0004972996176385978,0.0004944492182929794,0.0008804813614887692,0.0008226773355639603,0.000930096491308444,0.0015841848556351294,0.0017682788356818543,0.002123611343404573,0.0033099689067723455,0.006870169155580792,0.005566225968910153,0.01951143896889116,0.1443121449311399,0.15379208210152845,0.07589790659026092,0.0,0.0,0.0,0.0,0.0,0.0,0.0,0.0,0.0,0.0,0.0,0.0,0.0,0.0,0.0,0.0,0.0,0.0,0.0,0.0,0.0,0.0,0.0,0.0,19.744320864841725,19.358381089041814,18.96489580658225,18.563384620134798,18.153314399791213,17.73409081271616,17.30504801952128,16.86543602782575,16.414405017153385,15.950985698613678,15.474064410036164,14.982351111948859,14.474337642723825,13.948242344473982,13.401935191968377,12.832834315133255,12.237759303340212,11.612716944258509,10.952576962541741,10.250559696102783,9.49738228221355,8.679735599183942,7.777311442431525,6.756222279782023,5.551368162118536,4.000000000000043,1.0924531720081205,0.0,0.0,0.0,0.0,0.0,0.0,0.0,0.0,0.0,0.0,0.0,0.0,0.0,0.0,0.0,0.0,0.0,0.0,0.0,0.0,0.0,0.0,0.0,0.0
230.0,0.00018315381863753179,0.000151741707118332,0.0001831662136957323,0.00018758589406032522,0.0001700750379186506,0.00023494959701987907,0.0002387886367133977,0.0002118330332331031,0.00033367572977654564,0.00032548305365420396,0.00029305402081358003,0.000516396524713691,0.00047504449646910626,0.00046599714746201775,0.0008600376556192601,0.0007767849189403063,0.0008789550223207203,0.0015483881582244894,0.0016418428328021793,0.002023824250273733,0.0031957893303762026,0.006428484223066368,0.005377810970979879,0.018736243544139018,0.14148347373652245,0.12397516557616502,0.0940845963395805,0.0,0.0,0.0,0.0,0.0,0.0,0.0,0.0,0.0,0.0,0.0,0.0,0.0,0.0,0.0,0.0,0.0,0.0,0.0,0.0,0.0,0.0,0.0,0.0,19.32447109239483,18.947609347021725,18.563384620134826,18.17132933926125,17.770924720319243,17.361592560354026,16.942685258157596,16.513473571464004,16.073131449849257,15.62071704156071,15.155148624219663,14.675173695966748,14.179328690446923,13.665885586158865,13.13277978959242,12.577510579407715,11.997000160210277,11.387388125912437,10.743720994389975,10.059462823221452,9.325682005200974,8.529606124486918,7.651815588106331,6.660077368214232,5.493014580257693,4.000000000000043,1.3553543387345144,0.0,0.0,0.0,0.0,0.0,0.0,0.0,0.0,0.0,0.0,0.0,0.0,0.0,0.0,0.0,0.0,0.0,0.0,0.0,0.0,0.0,0.0,0.0,0.0
240.0,0.0001847514202400382,0.00015469406128715334,0.00018465589429539266,0.00018710272575713646,0.00017231970725987877,0.0002355200208978233,0.00023835941919210464,0.000213118845432024,0.000334217937673555,0.00032604089579582883,0.0002915759503893526,0.0005207821837240977,0.00047542495399636574,0.00046061247969576727,0.0008760104848835565,0.0007697567618497668,0.000870193618206648,0.0015861349123002305,0.0015933213872189567,0.002022694052605898,0.0032342501574694166,0.0062116467369222736,0.0054454993128379555,0.01844318428806434,0.14165115334733736,0.10116315606493742,0.10970164661104713,0.0,0.0,0.0,0.0,0.0,0.0,0.0,0.0,0.0,0.0,0.0,0.0,0.0,0.0,0.0,0.0,0.0,0.0,0.0,0.0,0.0,0.0,0.0,0.0,18.93175006945907,18.563384620134826,18.187827887199035,17.80462435107323,17.413268710318036,17.01319792164763,16.60378152529381,16.18430978152439,15.753978980891489,15.311873059069754,14.856940312447833,14.387963517781984,13.903521017776214,13.401935191968363,12.881202923645205,12.338899720932346,11.772044157333369,11.176900501616302,10.548681150469449,9.881078656044693,9.165490343367907,8.389645509317276,7.534952908764538,6.570714442852491,5.438975549640787,4.000000000000128,1.5578535504268984,0.0,0.0,0.0,0.0,0.0,0.0,0.0,0.0,0.0,0.0,0.0,0.0,0.0,0.0,0.0,0.0,0.0,0.0,0.0,0.0,0.0,0.0,0.0,0.0
250.0,0.00018324822933988216,0.00015582851971356393,0.00018396715174945742,0.00018383270633155998,0.00017300636012018396,0.00023360611667037562,0.00023460984995121056,0.00021318489082260348,0.0003313496491860498,0.00032264291209458215,0.00028927604810150757,0.0005199322313080507,0.00047195232698241135,0.0004541850674350442,0.0008854186314034614,0.0007603218351926942,0.0008595959731828192,0.0016211475751135424,0.0015460915744943684,0.0020211614310887754,0.00329469944978074,0.005985408529838023,0.0055390399832324,0.018173028862551868,0.1413010984564576,0.08180832167527273,0.1231842073135025,0.0,0.0,0.0,0.0,0.0,0.0,0.0,0.0,0.0,0.0,0.0,0.0,0.0,0.0,0.0,0.0,0.0,0.0,0.0,0.0,0.0,0.0,0.0,0.0,18.56338462013484,18.20299379042784,17.835573593031867,17.460679865396216,17.077820010558938,16.686445270170665,16.285941336994114,15.875616848789647,15.454689148224062,15.022266470358943,14.577325397340715,14.11868194632234,13.644953944975029,13.154511253697052,12.645408662197411,12.115293466158121,11.561274966505863,10.979734761202295,10.366041263914951,9.714101762495858,9.01562234055568,8.258802394264194,7.425824639985038,6.487418295723927,5.388782503478367,4.000000000000128,1.7232677700620371,0.0,0.0,0.0,0.0,0.0,0.0,0.0,0.0,0.0,0.0,0.0,0.0,0.0,0.0,0.0,0.0,0.0,0.0,0.0,0.0,0.0,0.0,0.0,0.0
260.0,0.00017818360319519857,0.0001539703641398954,0.00017994151385229514,0.00017711687644303737,0.00017058963523556992,0.00022752381401886543,0.0002265031452094795,0.00020964525577482553,0.0003225954445986595,0.00031322593450068564,0.0002824408110929408,0.0005094544891288107,0.00046016947260263017,0.00044060001028880033,0.0008787500528717543,0.0007388069628301039,0.0008355329395348867,0.001629444329420791,0.0014781081034970771,0.0019887545886673793,0.0033147381439668708,0.005680663155721565,0.005562109918257233,0.017716277576471644,0.1391254384506725,0.06481025113878931,0.13432536338179027,0.0,0.0,0.0,0.0,0.0,0.0,0.0,0.0,0.0,0.0,0.0,0.0,0.0,0.0,0.0,0.0,0.0,0.0,0.0,0.0,0.0,0.0,0.0,0.0,18.21698225864874,17.86409607789507,17.5043335722236,17.137261306119782,16.762398682539526,16.379210436004684,15.987097516269017,15.58538591965737,15.173312873518526,14.750009564284554,14.314479289708373,13.865569460383654,13.401935191968363,12.921991178661202,12.423846879528327,11.905217349750558,11.363297500741439,10.794579595613783,10.194579116674106,9.557405601711935,8.875055586881174,8.136169892284855,7.32365592105198,6.409572995038118,5.342033137263584,3.999999999999943,1.8629706538812485,0.0,0.0,0.0,0.0,0.0,0.0,0.0,0.0,0.0,0.0,0.0,0.0,0.0,0.0,0.0,0.0,0.0,0.0,0.0,0.0,0.0,0.0,0.0,0.0
270.0,0.00017296090271896902,0.00015240665792494657,0.00017606227033195219,0.00017032608643042377,0.00016892787291764675,0.00022189300150656153,0.00021849009320416778,0.00020771216656768194,0.00031469381975063424,0.00030438540289061774,0.00027874114202462144,0.0005002970321479905,0.00045080156088782763,0.000432266954719032,0.0008756045708172058,0.0007245386754368457,0.000820431469995753,0.0016511045791413866,0.0014285467835611265,0.0019775019421454255,0.003379666464357598,0.00541810446570256,0.005652545692320318,0.017360847415525585,0.13721757967927545,0.050926501036664684,0.144558079598644,0.0,0.0,0.0,0.0,0.0,0.0,0.0,0.0,0.0,0.0,0.0,0.0,0.0,0.0,0.0,0.0,0.0,0.0,0.0,0.0,0.0,0.0,0.0,0.0,17.890466561361762,17.544659849708665,17.19212177719278,16.832429062706055,16.46511246866092,16.08964950237933,15.705455556386227,15.311873059069725,14.908158060804453,14.493463473362837,14.066817881848507,13.627098410003597,13.172995462424524,12.702966158118315,12.215171679035521,11.707391172695964,11.176900501616302,10.620296524793474,10.033233642263525,9.410012267886245,8.742902716320742,8.020961125094075,7.227774780095174,6.336644982795491,5.298379990270192,4.000000000000043,1.9835743440105915,0.0,0.0,0.0,0.0,0.0,0.0,0.0,0.0,0.0,0.0,0.0,0.0,0.0,0.0,0.0,0.0,0.0,0.0,0.0,0.0,0.0,0.0,0.0,0.0
280.0,0.00015102959450698784,0.0001359252333909797,0.0001559565778104515,0.00014811097776087865,0.0001513010953817604,0.00019656003021758703,0.00019120151284046912,0.0001866640342752097,0.00027992766932580536,0.00026899782272685516,0.00025057669293794815,0.0004495290152866795,0.00040288054059115983,0.000388431222487188,0.0008013552466071813,0.0006516193547630701,0.0007428603779330981,0.001544148279277165,0.0012783671023121517,0.0018253951293321338,0.0032165125225061546,0.004842792734855429,0.005387550037173843,0.016176734068622637,0.12863907614875225,0.0380549627487483,0.14910763123185033,0.0,0.0,0.0,0.0,0.0,0.0,0.0,0.0,0.0,0.0,0.0,0.0,0.0,0.0,0.0,0.0,0.0,0.0,0.0,0.0,0.0,0.0,0.0,0.0,17.58202545932589,17.242912058772163,16.89720488058805,16.544490275662753,16.18430978152439,15.816153021261798,15.439449087160426,15.05355599411152,14.657747646499345,14.251197562253566,13.832958309872055,13.401935191968334,12.956852076462738,12.496206306817058,12.018208096115075,11.520697333479006,11.001026574425026,10.45589172636997,9.881078656044693,9.27106825583462,8.618389378622567,7.9124896307686186,7.137595307370333,6.268169548557026,5.257521326257304,4.000000000000043,2.089341578597498,0.0,0.0,0.0,0.0,0.0,0.0,0.0,0.0,0.0,0.0,0.0,0.0,0.0,0.0,0.0,0.0,0.0,0.0,0.0,0.0,0.0,0.0,0.0,0.0
290.0,0.0001303008418454734,0.00011959819649523503,0.0001361618713914852,0.0001268369542816673,0.00013413310331528695,0.00017175452705402817,0.00016495238955815592,0.0001666661489268709,0.0002458700356038878,0.00023481752391647255,0.00022462960400896568,0.0003988190694741909,0.00035704372120129793,0.00034810985292420493,0.0007258097557817126,0.0005837039189603392,0.0006703713283638548,0.0014348931791484589,0.0011409832008699794,0.0016790271398735403,0.003051908254777988,0.004293799137854973,0.005123142781002342,0.014977021673905577,0.11957169770166161,0.028151014384699316,0.15167595996283484,0.0,0.0,0.0,0.0,0.0,0.0,0.0,0.0,0.0,0.0,0.0,0.0,0.0,0.0,0.0,0.0,0.0,0.0,0.0,0.0,0.0,0.0,0.0,0.0,17.290069505789006,16.95729743327,16.61806240145222,16.27195991499974,15.91854175159746,15.557309048540347,15.187703917530484,14.809099185639653,14.420785723786253,14.02195663092941,13.611687264434664,13.18890970007432,12.752379596207746,12.300632504160816,11.831925200795666,11.344155244919335,10.834747980635072,10.300493276388579,9.737301631890915,9.139824882054754,8.500836443523596,7.810153537213992,7.052604065868977,6.203739911827654,5.219193787774614,4.000000000000043,2.1832152248066166,0.0,0.0,0.0,0.0,0.0,0.0,0.0,0.0,0.0,0.0,0.0,0.0,0.0,0.0,0.0,0.0,0.0,0.0,0.0,0.0,0.0,0.0,0.0,0.0
300.0,0.00013144336337874096,0.00012273476104702474,0.00013853445064331091,0.00012605610579906142,0.00013751826738984079,0.00017339723576493388,0.00016365125397987983,0.00017035059423008684,0.0002473433321790009,0.00023329692194077806,0.0002282683262666963,0.0004012782711256432,0.0003557643703060169,0.00035024259846340135,0.0007361898918457507,0.0005807863708751031,0.0006718761324016563,0.0014734944659633665,0.0011191537940610215,0.0016936515488400288,0.0031589491682624876,0.004133016816075969,0.005254703290348976,0.014940027471956172,0.11849982588348161,0.02227751719857429,0.16022616310429114,0.0,0.0,0.0,0.0,0.0,0.0,0.0,0.0,0.0,0.0,0.0,0.0,0.0,0.0,0.0,0.0,0.0,0.0,0.0,0.0,0.0,0.0,0.0,0.0,17.01319792164763,16.68644527017065,16.35335425874952,16.013529106660258,15.66653134043986,15.311873059069754,14.949008768730735,14.577325397340658,14.196129966981303,13.804634215692602,13.401935191968363,12.986990452752977,12.558585909081373,12.115293466158093,11.655414195869767,11.176900501616302,10.677246924869209,10.153332615240856,9.601186418732823,9.015622340555609,8.389645509317319,7.713422675659885,6.9723490289475905,6.142998339829575,5.1831664320526585,4.000000000000043,2.2673283559992825,0.0,0.0,0.0,0.0,0.0,0.0,0.0,0.0,0.0,0.0,0.0,0.0,0.0,0.0,0.0,0.0,0.0,0.0,0.0,0.0,0.0,0.0,0.0,0.0
310.0,0.0001291270569055653,0.00012226927490208096,0.00013683328894288074,0.00012176483218954997,0.00013706612915347904,0.00017001206515466992,0.0001578924640906146,0.0001695156446490424,0.0002416834762646902,0.0002258457942735408,0.00022592705113424745,0.0003926467024213379,0.0003459131425059888,0.00034317057248283263,0.0007270954627953756,0.0005644019845245356,0.0006557990562957393,0.0014759533403775381,0.0010711597756844137,0.00166824318831477,0.0031922531513349202,0.0038780959336147448,0.005277905503472445,0.014577678253908431,0.11505127817792132,0.01792654968433489,0.16619786683036156,0.0,0.0,0.0,0.0,0.0,0.0,0.0,0.0,0.0,0.0,0.0,0.0,0.0,0.0,0.0,0.0,0.0,0.0,0.0,0.0,0.0,0.0,0.0,0.0,16.750170761891297,16.42914221324928,16.101894170873805,15.768039164166296,15.427148015968285,15.07874327797117,14.722291275094364,14.357192380701974,13.982769016704736,13.598250692153599,13.202755134906326,12.795264192127092,12.37459260982395,11.939346937600874,11.487870450145792,11.01816778980809,10.527799382740596,10.013729342403465,9.472099061220248,8.89787662245989,8.284287014836138,7.621828010395305,6.896430508503414,6.085628867863377,5.149235852894208,4.000000000000043,2.3432844286040506,0.0,0.0,0.0,0.0,0.0,0.0,0.0,0.0,0.0,0.0,0.0,0.0,0.0,0.0,0.0,0.0,0.0,0.0,0.0,0.0,0.0,0.0,0.0,0.0
320.0,0.0001288595235013169,0.00012349393433162915,0.00013665783588337404,0.00011914249527591549,0.0001385474335472077,0.00016863771605388133,0.00015414504258079082,0.00017140601939280966,0.00023863655059767563,0.0002214398390914353,0.0002273765177380103,0.0003880233155512288,0.0003411060161732075,0.0003415313518606361,0.0007250386337591034,0.0005569545620869473,0.0006477595368759866,0.0014939115888480533,0.0010386199935375755,0.001660598158723629,0.003259385518854149,0.0036545971898080615,0.0053543912993527735,0.014268483149191822,0.11189344782651836,0.015516318479578019,0.1720197526183738,0.0,0.0,0.0,0.0,0.0,0.0,0.0,0.0,0.0,0.0,0.0,0.0,0.0,0.0,0.0,0.0,0.0,0.0,0.0,0.0,0.0,0.0,0.0,0.0,16.499885940447612,16.18430978152439,15.862627695924985,15.534460149598402,15.199386843691954,14.856940312447804,14.506598167644967,14.147773622565637,13.779803804715016,13.401935191968363,13.013305256462004,12.612919034749368,12.199618797218477,11.772044157333355,11.328578657906675,10.867276770488644,10.385761741931148,9.881078656044693,9.34947608678739,8.786068711064956,8.184290419985587,7.534952908764481,6.824493664384079,6.031351292155335,5.117222163430583,4.000000000000128,2.4123233315560384,0.0,0.0,0.0,0.0,0.0,0.0,0.0,0.0,0.0,0.0,0.0,0.0,0.0,0.0,0.0,0.0,0.0,0.0,0.0,0.0,0.0,0.0,0.0,0.0
330.0,0.00012730340903569423,0.0001237619737933601,0.00013509512443752748,0.0001155108038854914,0.00013908464173640727,0.0001659764563446848,0.00014906862496433056,0.00017261364212016453,0.000233996246857134,0.00021526158080110796,0.00022859948037490566,0.00038098800526375413,0.0003341259475220827,0.00034034544061144634,0.0007188257823924122,0.0005478642436790366,0.0006402222065397483,0.0015066492018692879,0.0010072184702009264,0.0016526510822208412,0.0033301349816322384,0.003431150235996157,0.00543752793742973,0.013962143039843253,0.10832479544516689,0.014953818652950847,0.17720837876106169,0.0,0.0,0.0,0.0,0.0,0.0,0.0,0.0,0.0,0.0,0.0,0.0,0.0,0.0,0.0,0.0,0.0,0.0,0.0,0.0,0.0,0.0,0.0,0.0,16.261360142096123,15.950985698613678,15.634613985413765,15.311873059069725,14.982351111948887,14.645590225419767,14.30107880549295,13.948242344473968,13.586432032334955,13.214910572562928,12.832834315133255,12.43923046584949,12.0329676048014,11.612716944258466,11.176900501616302,10.723620343405443,10.250559696102783,9.754840910694881,9.232814767905225,8.6797355991839,8.089236042823956,7.452425884783281,6.756222279782023,5.9799161810314985,5.086965666639671,3.999999999999943,2.4754257179255603,0.0,0.0,0.0,0.0,0.0,0.0,0.0,0.0,0.0,0.0,0.0,0.0,0.0,0.0,0.0,0.0,0.0,0.0,0.0,0.0,0.0,0.0,0.0,0.0
340.0,0.00012115569252249928,0.00012008384529013365,0.0001291125575653551,0.00010825795121800853,0.00013536919897407846,0.00015840299296402866,0.00013942844506669913,0.00016892048640097852,0.00022297690485186369,0.00020254172324781275,0.00022409950339971182,0.0003641832323521997,0.00031724309030125767,0.00033218984727401585,0.0006949098132343188,0.0005243121254639744,0.0006217345713611547,0.0014857814062121909,0.0009568064175002682,0.0016180385461807218,0.003348116801716049,0.0031656645235051536,0.005446878058848273,0.013537956577914626,0.10335069915527054,0.016100890926585756,0.18062124950608072,0.0,0.0,0.0,0.0,0.0,0.0,0.0,0.0,0.0,0.0,0.0,0.0,0.0,0.0,0.0,0.0,0.0,0.0,0.0,0.0,0.0,0.0,0.0,0.0,16.03371286750172,15.728308285955407,15.417010531486483,15.099454930199627,14.775237806354468,14.443910384212742,14.104971406638299,13.757858124151412,13.401935191968363,13.036480848951996,12.660669518148893,12.273549626976305,11.87401493674271,11.460766897267831,11.032264333866962,10.58665483166665,10.121678956186614,9.634532883621333,9.12166497780018,8.578462776597007,7.998748233012279,7.37391453146995,6.691333557668287,5.931100707011396,5.058324079364041,4.000000000000043,2.533381666050957,0.0,0.0,0.0,0.0,0.0,0.0,0.0,0.0,0.0,0.0,0.0,0.0,0.0,0.0,0.0,0.0,0.0,0.0,0.0,0.0,0.0,0.0,0.0,0.0
350.0,0.00011572681826930812,0.00011643619579226335,0.00012327974494352268,0.00010152224430669218,0.00013153772705568235,0.00015091414611714555,0.00013026161110530306,0.00016491239027084477,0.0002117334049762741,0.00019021854927545439,0.0002187601693158037,0.0003464534096843614,0.000300328895664556,0.0003220548972549456,0.0006677751631867885,0.0004992806872281996,0.000598318964684671,0.0014548018851154594,0.0009013759317751165,0.0015702148541304778,0.0033359649246321927,0.0028853842758659824,0.005410510632520559,0.013017729884709235,0.09772096550506906,0.018911410687701982,0.18264041942603437,0.0,0.0,0.0,0.0,0.0,0.0,0.0,0.0,0.0,0.0,0.0,0.0,0.0,0.0,0.0,0.0,0.0,0.0,0.0,0.0,0.0,0.0,0.0,0.0,15.816153021261812,15.515503342972366,15.209060344127835,14.896466321640176,14.577325397340658,14.251197562253566,13.917591470478868,13.575955646065168,13.2256676536188,12.866020624889416,12.496206306817086,12.115293466158093,11.722199994673844,11.315656312084926,10.894156499405454,10.45589172636997,9.998657437886877,9.519720429176374,9.015622340555609,8.48187791167723,7.9124896307686186,7.299120418664657,6.629573746376295,5.884705145226164,5.031170204831909,4.000000000000043,2.586837597448465,0.0,0.0,0.0,0.0,0.0,0.0,0.0,0.0,0.0,0.0,0.0,0.0,0.0,0.0,0.0,0.0,0.0,0.0,0.0,0.0,0.0,0.0,0.0,0.0
360.0,0.00011146748110905184,0.00011398993547107091,0.0001182561910922886,9.600233701134027e-05,0.00012907276011810294,0.00014475034928192556,0.0001226370627569358,0.00016294598654044713,0.00020262674219397305,0.00018001025531165347,0.000216792414499626,0.0003321154077307428,0.0002868563667919876,0.00031763480732661226,0.0006466173498412306,0.00048094842548183014,0.0005847199520752232,0.001436979529687301,0.0008610389948820865,0.0015423271443858594,0.0033613281652899608,0.0026461357424635385,0.0054354296964199975,0.012614014063689278,0.09256631774343625,0.023416831372923115,0.1848875567128283,0.0,0.0,0.0,0.0,0.0,0.0,0.0,0.0,0.0,0.0,0.0,0.0,0.0,0.0,0.0,0.0,0.0,0.0,0.0,0.0,0.0,0.0,0.0,0.0,15.607967577488665,15.311873059069725,15.010081113760961,14.702240730771123,14.387963517781984,14.066817881848479,13.738321991396589,13.401935191968363,13.057047439103869,12.702966158118315,12.338899720932346,11.96393641047473,11.577017268486188,11.176900501616302,10.762113997903853,10.330890706572049,9.881078656044693,9.410012267886245,8.914322439446764,8.389645509317276,7.830156313248764,7.227774780095132,6.570714442852491,5.840549916165145,5.0053899709427725,4.000000000000043,2.636329350486079,0.0,0.0,0.0,0.0,0.0,0.0,0.0,0.0,0.0,0.0,0.0,0.0,0.0,0.0,0.0,0.0,0.0,0.0,0.0,0.0,0.0,0.0,0.0,0.0
370.0,0.00010408743064702853,0.00010852322677618109,0.0001101034903943393,8.817782746956476e-05,0.0001232804433024667,0.00013499752962360586,0.00011217137894220411,0.0001568629783075876,0.000188862601451225,0.0001655185587500016,0.00020968606859514408,0.00031054723429388496,0.00026630729892426487,0.00030667532523016524,0.0006115556090835254,0.0004509886787342172,0.0005611829430073581,0.0013890315813778007,0.0008042737736805037,0.0014903860508505725,0.003328275092195906,0.0023806761113263067,0.005383616381887085,0.012101960846571915,0.08634715565932236,0.02930871599947788,0.18516907652535172,0.0,0.0,0.0,0.0,0.0,0.0,0.0,0.0,0.0,0.0,0.0,0.0,0.0,0.0,0.0,0.0,0.0,0.0,0.0,0.0,0.0,0.0,0.0,0.0,15.40851195306115,15.116786595819562,14.819456005940793,14.516175604740312,14.20656419451339,13.890198270635722,13.566605144972584,13.235254562125931,12.8955483840206,12.54680776935885,12.188257061712548,11.819003290626839,11.43800973111162,11.044061270600096,10.635718249445574,10.211253708209213,9.76856611165097,9.30505470888508,8.817435895697656,8.301462371876582,7.751473670819763,7.159634849526611,6.514549453118931,5.798473075777991,4.980880768645008,4.000000000000043,2.6823061129422996,0.0,0.0,0.0,0.0,0.0,0.0,0.0,0.0,0.0,0.0,0.0,0.0,0.0,0.0,0.0,0.0,0.0,0.0,0.0,0.0,0.0,0.0,0.0,0.0
380.0,9.79056449113607e-05,0.00010378748770434681,0.00010269908125359501,8.141501073760298e-05,0.00011823557816308213,0.00012616447053192365,0.00010301855948710595,0.0001516742063746316,0.0001763724659608457,0.000152693699278558,0.00020379064773191446,0.0002907008394921441,0.00024799137974869444,0.00029740305355739703,0.000578690086126115,0.00042408953552526053,0.000539933466982706,0.0013432250514805637,0.0007528062627726521,0.0014415827594486013,0.0032971837965605757,0.0021327475096891597,0.005337676046203846,0.011608303664440241,0.0801682996227129,0.036625407176129214,0.18472418488397246,0.0,0.0,0.0,0.0,0.0,0.0,0.0,0.0,0.0,0.0,0.0,0.0,0.0,0.0,0.0,0.0,0.0,0.0,0.0,0.0,0.0,0.0,0.0,0.0,15.217201792629993,14.929672049973433,14.636625805443842,14.337724668923613,14.032594364702149,13.720819169692376,13.401935191968363,13.075422179669076,12.740693447383023,12.397083362613174,12.043831628706272,11.680063301026976,11.304763029146713,10.916741345033458,10.514589772150046,10.096619860707108,9.660778499992048,9.204527144434891,8.724664167273232,8.217053724399236,7.676192887086515,7.094480733772272,6.460892113517076,5.758328175331556,4.957550037925813,4.000000000000043,2.725148130305385,0.0,0.0,0.0,0.0,0.0,0.0,0.0,0.0,0.0,0.0,0.0,0.0,0.0,0.0,0.0,0.0,0.0,0.0,0.0,0.0,0.0,0.0,0.0,0.0
390.0,9.122014643108701e-05,9.840422875927739e-05,9.459396837495594e-05,7.45034605391613e-05,0.00011248970919239852,0.00011661168039978695,9.37669847540946e-05,0.00014564689788884442,0.00016315640359463123,0.0001395662032099223,0.00019710590134715573,0.0002698017571030839,0.00022888532857509838,0.0002877377246561966,0.0005433471650906287,0.00039578320360434473,0.0005189509095427538,0.001290718836810002,0.0007015240608241201,0.001391933346500969,0.003255270117905116,0.0018981685732648809,0.005285919044585993,0.011130844351090763,0.07385223320049411,0.045141417722272335,0.183142997996587,0.0,0.0,0.0,0.0,0.0,0.0,0.0,0.0,0.0,0.0,0.0,0.0,0.0,0.0,0.0,0.0,0.0,0.0,0.0,0.0,0.0,0.0,0.0,0.0,15.033505927088072,14.750009564284582,14.461082182086685,14.166391350576276,13.865569460383682,13.558208282247051,13.243852394778827,12.921991178661244,12.592048975527604,12.253372869543554,11.905217349750572,11.546724820999572,11.17690050161633,10.794579595613811,10.398383618371724,9.986661145214711,9.557405601711977,9.108138186577165,8.635735946513421,8.136169892284897,7.604087921018774,7.032112732132049,6.409572995038175,5.719982428520552,4.935314059208693,4.000000000000043,2.7651800627454435,0.0,0.0,0.0,0.0,0.0,0.0,0.0,0.0,0.0,0.0,0.0,0.0,0.0,0.0,0.0,0.0,0.0,0.0,0.0,0.0,0.0,0.0,0.0,0.0
400.0,8.496538935767705e-05,9.312201743398341e-05,8.668823665183526e-05,6.813976597840532e-05,0.00010685837070070818,0.00010734395131807348,8.527815780726464e-05,0.0001397518912371912,0.00015047921219704836,0.00012741341277626705,0.00019077262785768985,0.0002497284821485699,0.00021103138764232788,0.0002789729331899732,0.0005089069724812387,0.0003692198753764529,0.0004999363916923788,0.0012381842495822685,0.0006546186098950405,0.001345569724148222,0.0032139875432160357,0.0016847923937362364,0.005242877336201242,0.010693017730173044,0.06758724152774835,0.05464696477331595,0.1800330903573976,0.0,0.0,0.0,0.0,0.0,0.0,0.0,0.0,0.0,0.0,0.0,0.0,0.0,0.0,0.0,0.0,0.0,0.0,0.0,0.0,0.0,0.0,0.0,0.0,14.856940312447804,14.577325397340658,14.29236189380191,14.001723117605522,13.705047885569343,13.401935191968334,13.091937779982686,12.774554314257855,12.449219763534273,12.115293466158093,11.772044157333326,11.41863095571108,11.05407889093172,10.677246924869166,10.286785444979671,9.88107865604465,9.458164744734603,9.015622340555609,8.550404058348832,8.058583440755712,7.5349529087644385,6.972349028947534,6.360437927763655,5.683315135192018,4.9140969160105215,4.000000000000043,2.802681229887611,0.0,0.0,0.0,0.0,0.0,0.0,0.0,0.0,0.0,0.0,0.0,0.0,0.0,0.0,0.0,0.0,0.0,0.0,0.0,0.0,0.0,0.0,0.0,0.0
410.0,8.108421513728315e-05,9.036223046206728e-05,8.112986032953967e-05,6.421657705814219e-05,0.00010430611483273296,0.00010110760794407843,8.001219598005676e-05,0.000137990941648995,0.0001422913123700791,0.00011985599066652396,0.00019052698417120086,0.00023713977858710623,0.00020006129615739567,0.00028022121962970715,0.0004884834012621235,0.00035340419469201856,0.0005004487286761942,0.0012150890646801945,0.0006271953945808973,0.001346317659303513,0.00324344985387155,0.001533966203004782,0.0053372243604341155,0.010518534322631374,0.06194349526399168,0.06452051933516534,0.16950854710524224,0.002262235076569635,0.0,0.0,0.0,0.0,0.0,0.0,0.0,0.0,0.0,0.0,0.0,0.0,0.0,0.0,0.0,0.0,0.0,0.0,0.0,0.0,0.0,0.0,0.0,14.687062791810007,14.411186798554809,14.130041776638137,13.84330658570957,13.550626242814047,13.25160671143152,12.945808611381139,12.632739563220795,12.311844786384484,11.982495438084868,11.64397399180919,11.29545568156965,10.935984635208442,10.564442711720147,10.179508116212858,9.779599368767236,9.362797745675024,8.92673712909803,8.46844277897803,7.984086702197118,7.4685999179504705,6.915023699498562,6.313346294075288,5.648216320416552,4.893829601074785,4.000000000000043,2.837893584805059,0.3323929222386681,0.0,0.0,0.0,0.0,0.0,0.0,0.0,0.0,0.0,0.0,0.0,0.0,0.0,0.0,0.0,0.0,0.0,0.0,0.0,0.0,0.0,0.0,0.0
420.0,7.395383525929055e-05,8.362813631417663e-05,7.196928834320473e-05,5.758584639771251e-05,9.711034308241718e-05,9.009750828919094e-05,7.130121983675207e-05,0.0001297473452358993,0.00012726866409811506,0.0001067836171799352,0.0001808565984282694,0.00021325663255811225,0.00017894605871858076,0.0002672970433545798,0.0004452139232452249,0.00031746249407400465,0.0004772612501329611,0.0011351329745949244,0.0005614709767483043,0.0012911655679835776,0.0031240462273759676,0.001310662004133412,0.0052236600797337844,0.009998716565949022,0.054984656488294335,0.07549015830436485,0.16080848131592643,0.00489919467207442,0.0,0.0,0.0,0.0,0.0,0.0,0.0,0.0,0.0,0.0,0.0,0.0,0.0,0.0,0.0,0.0,0.0,0.0,0.0,0.0,0.0,0.0,0.0,14.523468551529305,14.251197562253566,13.973734398500824,13.690763273626388,13.401935191968363,13.106862846525061,12.805114462386342,12.496206306817086,12.17959349512843,11.854658593029981,11.520697333478978,11.176900501616302,10.822330651089075,10.45589172636997,10.076288755900379,9.681973335802653,9.27106825583462,8.841260597125114,8.389645509317234,7.912489630768675,7.4048569993797315,6.85998498024081,6.268169548556969,5.614585555098117,4.874449243247412,4.000000000000043,2.871028001785845,0.6990406976807151,0.0,0.0,0.0,0.0,0.0,0.0,0.0,0.0,0.0,0.0,0.0,0.0,0.0,0.0,0.0,0.0,0.0,0.0,0.0,0.0,0.0,0.0,0.0
430.0,6.755762350049789e-05,7.695372346662311e-05,6.327234782482057e-05,5.154981776742078e-05,8.984665673786787e-05,7.948676464309426e-05,6.335495672727672e-05,0.00012120110262882722,0.00011265545570484171,9.472518352143925e-05,0.00017051625662250193,0.00018964560517348173,0.00015918099427091972,0.0002529155132794104,0.0004013895394332861,0.0002829952431052186,0.0004507001280387852,0.0010500030338313794,0.0004971453201295536,0.0012266058658040105,0.002982185504652995,0.001097821955264053,0.005077996010598666,0.009434405523867186,0.04817258259822782,0.08699139625010113,0.15272424634464624,0.006869771028759513,0.0,0.0,0.0,0.0,0.0,0.0,0.0,0.0,0.0,0.0,0.0,0.0,0.0,0.0,0.0,0.0,0.0,0.0,0.0,0.0,0.0,0.0,0.0,14.365786165423813,14.096994157036278,13.823084275174764,13.543745907441888,13.258635844515155,12.96737328269542,12.669533796208484,12.364642007157542,12.052162591783855,11.731489136876604,11.401930182797159,11.062691533065163,10.712853532213543,10.351341443751252,9.976886180480477,9.587971244288596,9.182759450054348,8.758989138846587,8.313822749096218,7.843617934344664,7.343566490730254,6.8070937630128014,6.224789929923276,5.582330930281415,4.855898436406804,4.000000000000043,2.902269292269864,0.9215465625908905,0.0,0.0,0.0,0.0,0.0,0.0,0.0,0.0,0.0,0.0,0.0,0.0,0.0,0.0,0.0,0.0,0.0,0.0,0.0,0.0,0.0,0.0,0.0
440.0,6.23999270296973e-05,7.105560281961565e-05,5.551340695899177e-05,4.661382732511307e-05,8.33811710998217e-05,6.992978193275795e-05,5.681554315505799e-05,0.00011358743781387461,9.944946657508558e-05,8.464151997643271e-05,0.00016139841920245296,0.0001681353321787941,0.00014229098635565662,0.00024030823257851884,0.0003608350072606633,0.000252700146292695,0.00042701208160717463,0.0009691352859443633,0.00043931016746284155,0.0011671621787731014,0.002843431513402457,0.0009078212565954706,0.004943970691647634,0.008901941181694656,0.041762245446994,0.09909730942596728,0.1447623545990104,0.008738371010518184,0.0,0.0,0.0,0.0,0.0,0.0,0.0,0.0,0.0,0.0,0.0,0.0,0.0,0.0,0.0,0.0,0.0,0.0,0.0,0.0,0.0,0.0,0.0,14.213674139172568,13.948242344473982,13.677764564651909,13.401935191968377,13.120416613527851,12.832834315133255,12.538770978052682,12.237759303340212,11.929273211537804,11.612716944258509,11.287411421865912,10.952576962541741,10.607311101353602,10.250559696102783,9.88107865604465,9.49738228221355,9.09767200731369,8.679735599183942,8.240800326776181,7.777311442431525,7.284583534666609,6.756222279782023,6.183099336276953,5.551368162118536,4.838124655002829,4.000000000000043,2.931780248048341,1.0924531720081205,0.0,0.0,0.0,0.0,0.0,0.0,0.0,0.0,0.0,0.0,0.0,0.0,0.0,0.0,0.0,0.0,0.0,0.0,0.0,0.0,0.0,0.0,0.0
450.0,5.7642224802956145e-05,6.517868494240079e-05,4.805574730339329e-05,4.2214551870509766e-05,7.689409607834886e-05,6.0648298222511064e-05,5.1026347508919145e-05,0.00010582728188389448,8.658596700283566e-05,7.560019166797558e-05,0.00015202378388363144,0.00014714591171979867,0.00012672210215207107,0.00022756732880788847,0.0003206702768557028,0.00022381928966946836,0.00040393137831911573,0.000885952453231101,0.0003835230024170756,0.0011089557679742766,0.002692046726062865,0.0007355955648537569,0.004805565912654084,0.008381224448938194,0.035644367861198144,0.11143643963809706,0.13644805801967771,0.01061964662817984,0.0,0.0,0.0,0.0,0.0,0.0,0.0,0.0,0.0,0.0,0.0,0.0,0.0,0.0,0.0,0.0,0.0,0.0,0.0,0.0,0.0,0.0,0.0,14.066817881848507,13.804634215692602,13.537474169931954,13.265036981013935,12.986990452752977,12.702966158118315,12.412553656294293,12.115293466158121,11.81066845284316,11.498093166079101,11.176900501616274,10.846324815409005,10.505480264653997,10.153332615240856,9.788661932177646,9.41001226788633,9.015622340555637,8.60332760953709,8.170417848002046,7.713422675659928,7.227774780095174,6.707252950125579,6.142998339829504,5.521619808342521,4.821079743384956,4.000000000000043,2.9597049311129666,1.2338425267338948,0.0,0.0,0.0,0.0,0.0,0.0,0.0,0.0,0.0,0.0,0.0,0.0,0.0,0.0,0.0,0.0,0.0,0.0,0.0,0.0,0.0,0.0,0.0
460.0,5.32786362341971e-05,5.930645232628104e-05,4.103557386007134e-05,3.830012967186573e-05,7.033794882693557e-05,5.177184422155874e-05,4.5907794928184976e-05,9.779494584272689e-05,7.414652214651239e-05,6.750739284375433e-05,0.00014203673471742715,0.00012667614807275742,0.00011237029107347437,0.00021380757617311852,0.00028071721140009794,0.00019610650072754163,0.00037945714709057104,0.000799341147575645,0.0003286707926799465,0.0010476635535160222,0.0025208031495674047,0.0005777833550052311,0.004647131211879084,0.007845294955536342,0.029813479578240605,0.12368212580062271,0.12754938379895378,0.012525716851082707,0.0,0.0,0.0,0.0,0.0,0.0,0.0,0.0,0.0,0.0,0.0,0.0,0.0,0.0,0.0,0.0,0.0,0.0,0.0,0.0,0.0,0.0,0.0,13.924927043574485,13.665885586158865,13.401935191968334,13.13277978959242,12.85809242926993,12.577510579407715,12.290630459977635,11.997000160210277,11.696111205778067,11.387388125912437,11.070175408225822,10.743720994389975,10.407155124901223,10.059462823221452,9.699447513130764,9.325682005200974,8.93644104020727,8.529606124486918,8.102527331430608,7.651815588106331,7.1730172404364225,6.660077368214232,6.104395321148445,5.493014580257693,4.804719468232179,4.000000000000043,2.986171373421186,1.3553543387345144,0.0,0.0,0.0,0.0,0.0,0.0,0.0,0.0,0.0,0.0,0.0,0.0,0.0,0.0,0.0,0.0,0.0,0.0,0.0,0.0,0.0,0.0,0.0
470.0,5.015499072694484e-05,5.4295272298265487e-05,3.511863885539825e-05,3.546984389656358e-05,6.467376245978932e-05,4.4140635871669705e-05,4.215944271464949e-05,9.081876824119394e-05,6.328254035254757e-05,6.140509260575172e-05,0.00013334199329134453,0.00010856102114885591,0.00010103603574780244,0.00020178284507095702,0.0002446106367052261,0.00017288977935655004,0.00035768317169771526,0.0007184347366633273,0.0002802561935834494,0.0009915876750788107,0.0023536740829536583,0.00044122803091264435,0.004499712917098561,0.007340417914051216,0.024479027143439056,0.13613211852965307,0.11858894664990544,0.014485338328326092,0.0,0.0,0.0,0.0,0.0,0.0,0.0,0.0,0.0,0.0,0.0,0.0,0.0,0.0,0.0,0.0,0.0,0.0,0.0,0.0,0.0,0.0,0.0,13.787733168127744,13.531733698609827,13.270890683834608,13.00491260030293,12.733477583132796,12.456228814270318,12.172768968466443,11.882653470494859,11.585382237029776,11.28038946496281,10.967030869800126,10.644567549905517,10.312145317676624,9.968767836736134,9.613261133217293,9.244225833195756,8.85997150158471,8.458424131399937,8.036992005791461,7.592364458324127,7.12019728699272,6.614595409808928,6.067205706207318,5.465486736837221,4.789003125134016,4.000000000000043,3.011293809692063,1.462265398478209,0.0,0.0,0.0,0.0,0.0,0.0,0.0,0.0,0.0,0.0,0.0,0.0,0.0,0.0,0.0,0.0,0.0,0.0,0.0,0.0,0.0,0.0,0.0
480.0,4.76378220779688e-05,4.956896673580611e-05,2.981842152805791e-05,3.339419610605973e-05,5.930784098008906e-05,3.716910266405487e-05,3.945378242521831e-05,8.414293929462169e-05,5.322994378787333e-05,5.684733149490994e-05,0.00012501389065226734,9.17275763368019e-05,9.197465973938777e-05,0.00019065569189248362,0.00021053023872385642,0.0001528687659651018,0.0003387134699874221,0.0006393448217207809,0.0002365123683979756,0.0009425969949513756,0.002183216418716448,0.0003256329012880442,0.004366782312310821,0.006873559405417917,0.01963218562353766,0.14848809822963072,0.10957110131192595,0.0165455770016555,0.0,0.0,0.0,0.0,0.0,0.0,0.0,0.0,0.0,0.0,0.0,0.0,0.0,0.0,0.0,0.0,0.0,0.0,0.0,0.0,0.0,0.0,0.0,13.65498761739697,13.401935191968363,13.144102664906796,12.881202923645205,12.612919034749396,12.338899720932346,12.058753916039905,11.772044157333369,11.478278496429667,11.176900501616302,10.867276770488644,10.548681150469449,10.220274539944285,9.881078656044693,9.529941408533489,9.165490343367907,8.786068711064956,8.389645509317276,7.973685246153153,7.534952908764538,7.069209758944453,6.570714442852491,6.031351292155335,5.438975549640787,4.773893191801832,4.000000000000128,3.035174537183508,1.5578535504268984,0.0,0.0,0.0,0.0,0.0,0.0,0.0,0.0,0.0,0.0,0.0,0.0,0.0,0.0,0.0,0.0,0.0,0.0,0.0,0.0,0.0,0.0,0.0
490.0,4.445547988204253e-05,4.401443272547315e-05,2.4554500390572296e-05,3.112205780338619e-05,5.294688366330923e-05,3.0125354372859572e-05,3.6672615518529094e-05,7.588421425629435e-05,4.2895054355250574e-05,5.226438497188668e-05,0.00011405115401546859,7.425419901366054e-05,8.272420534111575e-05,0.00017547491579003293,0.00017434406183155937,0.00013187731020749706,0.00031409059287828883,0.0005502994828380294,0.0001905298919960022,0.0008834641244050893,0.0019694498082853166,0.0002213830179721417,0.0041826965586075964,0.00634077166175961,0.015120174068661618,0.1592884842710455,0.09966203521046443,0.018592144050545364,0.0,0.0,0.0,0.0,0.0,0.0,0.0,0.0,0.0,0.0,0.0,0.0,0.0,0.0,0.0,0.0,0.0,0.0,0.0,0.0,0.0,0.0,0.0,13.526459731259905,13.276264300604112,13.021350360226606,12.761435078255545,12.496206306817115,12.225318145104808,11.948385599975978,11.66497810905598,11.374611615381397,11.076738776861475,10.770736744273435,10.455891726370012,10.131379245325505,9.796238513755625,9.449338641416006,9.089333242301052,8.714598169784495,8.323144017155428,7.9124896307686186,7.479473036402908,7.019957174357458,6.528348627774008,5.996759649897882,5.413424829013778,4.7593550215627545,4.000000000000128,3.057905474932099,1.6443284594506906,0.0,0.0,0.0,0.0,0.0,0.0,0.0,0.0,0.0,0.0,0.0,0.0,0.0,0.0,0.0,0.0,0.0,0.0,0.0,0.0,0.0,0.0,0.0
500.0,4.164696259041578e-05,3.87527016055023e-05,2.017977866153281e-05,2.9238931105178927e-05,4.6812433123134185e-05,2.411123505957928e-05,3.4431022967654616e-05,6.77013245930529e-05,3.380716788289713e-05,4.8569102074714135e-05,0.00010270917420899515,5.850093567242717e-05,7.497886500826438e-05,0.00015903661760371216,0.00014057784575969713,0.00011335592713897902,0.00028652097542933644,0.0004624860301828339,0.00014833814108269831,0.0008176916480231414,0.0017394806251350187,0.00013403998273081675,0.003964182649679076,0.005766531136912119,0.01113694382232929,0.1687521218987852,0.08934209559712956,0.02054966824972565,0.0,0.0,0.0,0.0,0.0,0.0,0.0,0.0,0.0,0.0,0.0,0.0,0.0,0.0,0.0,0.0,0.0,0.0,0.0,0.0,0.0,0.0,0.0,13.401935191968377,13.154511253697052,12.902428635485208,12.645408662197411,12.383143832658234,12.115293466158121,11.8414784654246,11.561274966505863,11.274206572013128,10.979734761202295,10.677246924869209,10.366041263914951,10.045307484204287,9.714101762495858,9.371313757611418,9.01562234055568,8.645434936834732,8.258802394264194,7.853296102687864,7.425824639985038,6.972349028947647,6.487418295723927,5.96336359338612,5.388782503478367,4.745356571759629,4.000000000000128,3.07956947893598,1.7232677700620371,0.0,0.0,0.0,0.0,0.0,0.0,0.0,0.0,0.0,0.0,0.0,0.0,0.0,0.0,0.0,0.0,0.0,0.0,0.0,0.0,0.0,0.0,0.0
510.0,3.881912538327597e-05,3.3592404946198785e-05,1.6513171373063963e-05,2.7460969448936165e-05,4.070833471703551e-05,1.8967110069449794e-05,3.239998363811255e-05,5.934192842277344e-05,2.583253096150145e-05,4.5327434263832984e-05,9.064088239108284e-05,4.436893852273856e-05,6.813874327390188e-05,0.00014090296886831513,0.00010920563705218094,9.667791252516316e-05,0.0002554369663477386,0.0003761058015515444,0.00011016266375471839,0.0007440799331139203,0.0014933813897021785,6.616232021767267e-05,0.0037039668855033707,0.005143704092983321,0.007738128865415546,0.1762075039249744,0.0786621703612237,0.022329058846773307,0.0,0.0,0.0,0.0,0.0,0.0,0.0,0.0,0.0,0.0,0.0,0.0,0.0,0.0,0.0,0.0,0.0,0.0,0.0,0.0,0.0,0.0,0.0,13.281214566716983,13.036480848951996,12.787146602456232,12.532937190726742,12.273549626976305,12.00864830157974,11.73785984433411,11.46076689726786,11.176900501616274,10.885730702301743,10.586654831666607,10.278982730887435,9.961917870049362,9.63453288362129,9.295737359102532,8.944234651595096,8.578462776597007,8.19651155890179,7.796003222671089,7.373914531470007,6.926301171313213,6.447849394706807,5.931100707011325,5.3650002454304655,4.731868162490429,3.999999999999943,3.100241457700733,1.7958468702815367,0.0,0.0,0.0,0.0,0.0,0.0,0.0,0.0,0.0,0.0,0.0,0.0,0.0,0.0,0.0,0.0,0.0,0.0,0.0,0.0,0.0,0.0,0.0
520.0,3.783469170245208e-05,3.0264363362459235e-05,1.4421994498338382e-05,2.6661943132114362e-05,3.6556967026636475e-05,1.577895901255134e-05,3.135810853567771e-05,5.3548988744884113e-05,2.051067447390077e-05,4.35768595240543e-05,8.183931581078211e-05,3.435104518726837e-05,6.398736964647872e-05,0.00012630744484150354,8.567070490362343e-05,8.516178994444325e-05,0.00022618965617174415,0.0003080841439142382,8.128125487273768e-05,0.0006693995291211076,0.001286887344800332,2.1648559351349608e-05,0.003445612683540963,0.004560444134649138,0.005063007607514554,0.1836672388103006,0.06850604606467653,0.02381765631268776,0.0,0.0,0.0,0.0,0.0,0.0,0.0,0.0,0.0,0.0,0.0,0.0,0.0,0.0,0.0,0.0,0.0,0.0,0.0,0.0,0.0,0.0,0.0,13.164112005907114,12.921991178661202,12.675326373370567,12.423846879528327,12.167254098544532,11.905217349750558,11.637368829002952,11.363297500741439,11.08254163405276,10.794579595613783,10.498818374569126,10.194579116674106,9.881078656044693,9.557405601711935,9.222488878015653,8.875055586881174,8.513573397092799,8.136169892284855,7.740516501892586,7.32365592105198,6.881735244987794,6.409572995038118,5.899912923755764,5.342033137263584,4.718862261789724,3.999999999999943,3.1199893233792295,1.8629706538812485,0.0,0.0,0.0,0.0,0.0,0.0,0.0,0.0,0.0,0.0,0.0,0.0,0.0,0.0,0.0,0.0,0.0,0.0,0.0,0.0,0.0,0.0,0.0
530.0,4.244929704411027e-05,3.1045122854451674e-05,1.526226568102582e-05,3.0201229491521196e-05,3.714996608494864e-05,1.59487987107497e-05,3.552901510258759e-05,5.4510624156827546e-05,1.956820015607945e-05,4.9216791667117764e-05,8.357872034067797e-05,3.1120298892561024e-05,7.148013754022518e-05,0.00012876190678925555,7.58379714204348e-05,9.188785865013763e-05,0.00022654926762490736,0.00027668583096746713,7.619165040732517e-05,0.0006580593524329369,0.0011990153909838392,5.0201381123856615e-06,0.003436897032957751,0.004354065972848543,0.0032561929333026905,0.19747597104557618,0.06135810552290823,0.026127115887044607,0.0,0.0,0.0,0.0,0.0,0.0,0.0,0.0,0.0,0.0,0.0,0.0,0.0,0.0,0.0,0.0,0.0,0.0,0.0,0.0,0.0,0.0,0.0,13.05045407782734,12.810872489254223,12.566801945795959,12.317975555418826,12.064098987262,11.804846353924574,11.539855263600288,11.268720827871178,10.990988342425126,10.706144262791852,10.413604963019466,10.112702572883805,9.802666908387508,9.48260209177191,9.151455819110154,8.80797823524668,8.450665768094211,8.077682597631096,7.686747804566139,7.2749678666584,6.838578189041442,6.37252484677397,5.869746147798878,5.319839372881049,4.706313293920829,4.000000000000043,3.138874806668909,1.9253541332400914,0.0,0.0,0.0,0.0,0.0,0.0,0.0,0.0,0.0,0.0,0.0,0.0,0.0,0.0,0.0,0.0,0.0,0.0,0.0,0.0,0.0,0.0,0.0
540.0,4.499426446156319e-05,3.0090785198315423e-05,1.5837183684925456e-05,3.303415803984165e-05,3.5857971758910955e-05,1.583517661940919e-05,3.934038720120075e-05,5.2675403263768955e-05,1.818313022128989e-05,5.4679406407709e-05,8.106558614510452e-05,2.704428692695806e-05,7.892314407002612e-05,0.00012562656039448482,6.338868995649136e-05,9.885135375758497e-05,0.0002220288539736705,0.00023240053659751462,7.270712953902976e-05,0.000642611788402827,0.0010513741820488073,2.8935363805061875e-06,0.003377920036345772,0.004050191404202476,0.0019394250152360065,0.20744583551747953,0.05349647799978614,0.028445303303807786,0.0,0.0,0.0,0.0,0.0,0.0,0.0,0.0,0.0,0.0,0.0,0.0,0.0,0.0,0.0,0.0,0.0,0.0,0.0,0.0,0.0,0.0,0.0,12.940078723176356,12.702966158118315,12.461418202169867,12.215171679035521,11.96393641047473,11.707391172695964,11.445178839332968,11.176900501616302,10.902108289504397,10.620296524793474,10.33089070657202,10.033233642263525,9.726567764525285,9.410012267886245,9.08253308010309,8.742902716320742,8.389645509317276,8.020961125094075,7.634614812005779,7.227774780095174,6.796761790119547,6.336644982795491,5.840549916165088,5.298379990270192,4.694197467919267,4.000000000000043,3.1569541581493326,1.9835743440105915,0.0,0.0,0.0,0.0,0.0,0.0,0.0,0.0,0.0,0.0,0.0,0.0,0.0,0.0,0.0,0.0,0.0,0.0,0.0,0.0,0.0,0.0,0.0
550.0,4.6807751235572475e-05,2.884180929826262e-05,1.668130963221148e-05,3.5251438770656295e-05,3.4162684638744205e-05,1.615797436728864e-05,4.242565417434367e-05,5.009434699764465e-05,1.7426562456949392e-05,5.929206878492794e-05,7.69505347816634e-05,2.3888348157734537e-05,8.539322659818547e-05,0.00011910137519027416,5.225623864071897e-05,0.00010510671176484943,0.00021023774120220725,0.00018817714507427896,7.073912266866218e-05,0.000611000886085685,0.0008850050522258018,1.802156578999209e-05,0.0032518327664468605,0.003668044595422188,0.0012069908521644506,0.21458065459651873,0.045343723976623805,0.0303534138923079,0.0,0.0,0.0,0.0,0.0,0.0,0.0,0.0,0.0,0.0,0.0,0.0,0.0,0.0,0.0,0.0,0.0,0.0,0.0,0.0,0.0,0.0,0.0,12.832834315133255,12.598123773703662,12.359030010312978,12.115293466158121,11.866628005535205,11.612716944258466,11.353208280905505,11.087708926153098,10.81577766026615,10.536916458396973,10.250559696102755,9.956060565391013,9.652673766211109,9.339533143629751,9.015622340555552,8.679735599183942,8.33042434034833,7.965922654739103,7.58404054079962,7.182005983087052,6.756222279782023,6.30187736209605,5.812277094742029,5.277618631405375,4.682492623926009,4.000000000000043,3.174278754446547,2.038105178627262,0.0,0.0,0.0,0.0,0.0,0.0,0.0,0.0,0.0,0.0,0.0,0.0,0.0,0.0,0.0,0.0,0.0,0.0,0.0,0.0,0.0,0.0,0.0
560.0,5.001433761485121e-05,2.8724757372124968e-05,1.8902933625157043e-05,3.883055885495745e-05,3.378086840377908e-05,1.8189012543492346e-05,4.73448363667997e-05,4.9293835852172745e-05,1.8920374003096324e-05,6.675818777640852e-05,7.543855308672848e-05,2.4030249183903382e-05,9.675783929988737e-05,0.00011667843722562387,4.694743031232064e-05,0.00011987887837805922,0.00020607030135333032,0.00015579617736421534,8.151934284884512e-05,0.0005968421098032257,0.0007407173855923188,5.131926775008515e-05,0.0031829469215599493,0.0033544412080578354,0.001132979712894735,0.2221904403751807,0.03801706978698241,0.03246184957982279,0.0,0.0,0.0,0.0,0.0,0.0,0.0,0.0,0.0,0.0,0.0,0.0,0.0,0.0,0.0,0.0,0.0,0.0,0.0,0.0,0.0,0.0,0.0,12.728578812612668,12.496206306817058,12.259501413098505,12.018208096115075,11.772044157333326,11.520697333479006,11.26382061358683,11.001026574425026,10.731880470457497,10.45589172636997,10.172503356222151,9.881078656044693,9.580884258625872,9.27106825583462,8.950631511301339,8.618389378622567,8.27291958508114,7.9124896307686186,7.5349529087644385,7.137595307370333,6.71689997183698,6.268169548557026,5.784883604631474,5.257521326257304,4.671178095187116,4.000000000000043,3.1908956242289577,2.089341578597498,0.0,0.0,0.0,0.0,0.0,0.0,0.0,0.0,0.0,0.0,0.0,0.0,0.0,0.0,0.0,0.0,0.0,0.0,0.0,0.0,0.0,0.0,0.0
570.0,5.135556534255908e-05,2.7774533640287394e-05,2.1005221593442776e-05,4.1187390649040775e-05,3.2488091555775586e-05,2.0369908889733628e-05,5.098247659685845e-05,4.708211193569608e-05,2.0908023612933007e-05,7.274420008742436e-05,7.147912911703919e-05,2.5219562684029416e-05,0.0001064299710647826,0.00011016005099393461,4.344441028475774e-05,0.00013378389813607962,0.0001953596818633613,0.00012436995325476336,9.725032522794693e-05,0.000571152954091196,0.0005776417579709506,0.00010911510973383161,0.0030523436462203788,0.0029528306316996002,0.0016868852339659117,0.22541749105868528,0.030689877891045932,0.034090857987530546,0.0,0.0,0.0,0.0,0.0,0.0,0.0,0.0,0.0,0.0,0.0,0.0,0.0,0.0,0.0,0.0,0.0,0.0,0.0,0.0,0.0,0.0,0.0,12.627178995983257,12.397083362613145,12.162704897021982,11.923790997258322,11.680063301026976,11.43121385226128,11.176900501616274,10.916741345033486,10.650307942455399,10.377116972823487,10.096619860707065,9.80818973735775,9.511104847972902,9.204527144434849,8.887474237458349,8.558782002362335,8.217053724399236,7.860589341106007,7.487284343186758,7.094480733772272,6.678738935066164,6.2354724211239585,5.758328175331485,5.23805629811234,4.6602345838808645,4.000000000000043,3.2068479063504185,2.13761682818793,0.0,0.0,0.0,0.0,0.0,0.0,0.0,0.0,0.0,0.0,0.0,0.0,0.0,0.0,0.0,0.0,0.0,0.0,0.0,0.0,0.0,0.0,0.0
580.0,5.351954372644065e-05,2.7709461712515038e-05,2.3961898580562263e-05,4.411598872213823e-05,3.219990095602963e-05,2.3703234978009628e-05,5.532580770531235e-05,4.6232061861918813e-05,2.4540757151363185e-05,7.989309409169017e-05,6.939742358037786e-05,2.904256506424616e-05,0.00011831925222119918,0.00010608865206552524,4.5013374908398005e-05,0.00015212922973439566,0.00018768259965096958,0.00010460512671082704,0.00012164746116840705,0.0005508518608944064,0.00043887482123544256,0.0001885395762759087,0.0029395453762015625,0.0025911716920221243,0.0028737695334989126,0.22811666296731958,0.024141686546530906,0.03551592517739204,0.0,0.0,0.0,0.0,0.0,0.0,0.0,0.0,0.0,0.0,0.0,0.0,0.0,0.0,0.0,0.0,0.0,0.0,0.0,0.0,0.0,0.0,0.0,12.528509775925414,12.300632504160816,12.068520730752539,11.831925200795666,11.590571291473537,11.344155244919335,11.09233964988806,10.834747980635072,10.570957940814182,10.300493276388579,10.022813603833598,9.737301631890915,9.443246910942491,9.139824882054754,8.826069448973215,8.500836443523596,8.162753991654597,7.810153537213992,7.440971426572531,7.052604065868977,6.641686697338955,6.203739911827654,5.732572121705644,5.219193787774614,4.649644049178292,4.000000000000043,3.2221752503056678,2.1832152248066166,0.0,0.0,0.0,0.0,0.0,0.0,0.0,0.0,0.0,0.0,0.0,0.0,0.0,0.0,0.0,0.0,0.0,0.0,0.0,0.0,0.0,0.0,0.0
590.0,5.613920707239611e-05,2.8318263144814236e-05,2.7724531539515772e-05,4.751878161904992e-05,3.272074434900255e-05,2.8192389809389307e-05,6.0382672740637346e-05,4.648582241813859e-05,2.9891055887664612e-05,8.831336560393273e-05,6.886581198288776e-05,3.567215462946055e-05,0.00013273250074701144,0.0001042329796571321,5.1853882550671466e-05,0.0001757541781630239,0.00018364709417032968,9.614986525498721e-05,0.0001570578027500743,0.0005389071186061581,0.00032049286105573807,0.0002928884165951938,0.002849327962264616,0.002258441130464463,0.004689337321292678,0.22996975159228594,0.01838582676452477,0.03675731968023687,0.0,0.0,0.0,0.0,0.0,0.0,0.0,0.0,0.0,0.0,0.0,0.0,0.0,0.0,0.0,0.0,0.0,0.0,0.0,0.0,0.0,0.0,0.0,12.432453567301252,12.206738639631439,11.976836365890904,11.742500755387496,11.503460831953646,11.25941693133879,11.010036261886782,10.75494754101544,10.493734460874393,10.225927654794972,9.9509947214042,9.668327699638112,9.377227150287212,9.07688164781861,8.76634095342068,8.444480313277879,8.109952006190454,7.761118089679513,7.395954575739296,7.011910634381167,6.6056939776244405,6.172928768550506,5.707579142086004,5.200905894533889,4.639389606148313,4.000000000000043,3.236914167432502,2.226381561452442,0.0,0.0,0.0,0.0,0.0,0.0,0.0,0.0,0.0,0.0,0.0,0.0,0.0,0.0,0.0,0.0,0.0,0.0,0.0,0.0,0.0,0.0,0.0
600.0,5.873164189099288e-05,2.9328104276891403e-05,3.2013339904859874e-05,5.098547180077644e-05,3.375950613869113e-05,3.3545662551807876e-05,6.565631178660635e-05,4.743451664342454e-05,3.666344479159485e-05,9.729112083362041e-05,6.923799501155439e-05,4.483350017539187e-05,0.00014854870000404494,0.00010351775199736112,6.36611691345079e-05,0.00020297711415288307,0.00018136613287878125,9.837423713733308e-05,0.00020250936858617509,0.0005315315356012736,0.00022004769870790007,0.000429257193582051,0.0027637678075894726,0.0019353164280814083,0.007121574691909252,0.23017275228537637,0.01338700356975905,0.03756379368668028,0.0,0.0,0.0,0.0,0.0,0.0,0.0,0.0,0.0,0.0,0.0,0.0,0.0,0.0,0.0,0.0,0.0,0.0,0.0,0.0,0.0,0.0,0.0,12.338899720932346,12.115293466158093,11.887545893138196,11.655414195869767,11.418630955711109,11.176900501616302,10.929894547731365,10.677246924869209,10.418547164640088,10.153332615240856,9.881078656044693,9.601186418732823,9.312967191474854,9.015622340555609,8.708217066446423,8.389645509317319,8.058583440755712,7.713422675659885,7.352177750609371,6.9723490289475905,6.570714442852491,6.142998339829575,5.683315135192018,5.1831664320526585,4.629455434298478,4.000000000000043,3.2510983398922093,2.2673283559992825,0.0,0.0,0.0,0.0,0.0,0.0,0.0,0.0,0.0,0.0,0.0,0.0,0.0,0.0,0.0,0.0,0.0,0.0,0.0,0.0,0.0,0.0,0.0
610.0,6.256643095358546e-05,3.157793065067204e-05,3.7847090971362596e-05,5.578536341044344e-05,3.63149696632221e-05,4.099343476650505e-05,7.289510669132845e-05,5.040927830886748e-05,4.64849266064357e-05,0.00010949030976892252,7.231058856442025e-05,5.8949816320615394e-05,0.00016996347843174165,0.00010640990728968058,8.439342728508401e-05,0.0002400788860609389,0.00018513481466906676,0.0001171188833705282,0.00026770738476804257,0.0005395526675635677,0.00014008720597821482,0.0006303168166410658,0.002707875173281676,0.001605819596551459,0.010349604764451261,0.22995330643588435,0.009312107865044586,0.03765414905554409,0.0,0.0,0.0,0.0,0.0,0.0,0.0,0.0,0.0,0.0,0.0,0.0,0.0,0.0,0.0,0.0,0.0,0.0,0.0,0.0,0.0,0.0,0.0,12.247744007063147,12.02619496427647,11.800549547922913,11.570568060289375,11.335986554635653,11.096513256647427,10.851824276946246,10.601558435056262,10.345310958848756,10.08262574563632,9.81298576201776,9.535801004270269,9.250393216009584,8.955976227169515,8.651630275811442,8.336267896291588,8.008587719170848,7.6670104947684905,7.309588189513036,6.933870854335623,6.536704486950143,6.113910379323968,5.659748033833807,5.1659507975543875,4.619826694692961,4.000000000000043,3.2647588933231475,2.306241453176753,0.0,0.0,0.0,0.0,0.0,0.0,0.0,0.0,0.0,0.0,0.0,0.0,0.0,0.0,0.0,0.0,0.0,0.0,0.0,0.0,0.0,0.0,0.0
620.0,6.475998485577673e-05,3.257011161302271e-05,4.279891186671351e-05,5.8676700500754786e-05,3.723708991586635e-05,4.720013646241874e-05,7.73074086564387e-05,5.077401702075874e-05,5.4425781904835944e-05,0.00011701604038207005,7.091549288625607e-05,7.013082827723756e-05,0.00018321136875965068,0.00010112752635109268,0.00010020878386936686,0.00026237717746708985,0.00017157084728547237,0.00012819535564514387,0.000308558936969792,0.0004994741120145375,7.487927963413865e-05,0.0008196959416099393,0.0025064795366795435,0.0016599726099437132,0.014021686713118755,0.2317502913764518,0.006632051562389542,0.032333073591696654,0.006080177504819108,0.0,0.0,0.0,0.0,0.0,0.0,0.0,0.0,0.0,0.0,0.0,0.0,0.0,0.0,0.0,0.0,0.0,0.0,0.0,0.0,0.0,0.0,12.15888814504558,11.939346937600874,11.71575326025777,11.487870450145792,11.255437950107051,11.01816778980809,10.77574037123388,10.527799382740596,10.273945610776423,10.013729342403465,9.746640945379113,9.472099061220248,9.189435627547212,8.89787662245989,8.59651693548875,8.284287014836138,7.959907741050458,7.621828010395305,7.268136168200272,6.896430508503414,6.503623029707683,6.085628867863377,5.636847653619654,5.149235852894208,4.610489454720607,4.000000000000043,3.277924638120453,2.3432844286040506,0.4884414427613848,0.0,0.0,0.0,0.0,0.0,0.0,0.0,0.0,0.0,0.0,0.0,0.0,0.0,0.0,0.0,0.0,0.0,0.0,0.0,0.0,0.0,0.0
630.0,6.581225525628254e-05,3.359962928636218e-05,4.699306530540941e-05,6.050985966645736e-05,3.8361560736170035e-05,5.292167972283092e-05,8.045838856097115e-05,5.185437028169707e-05,6.233578853793175e-05,0.0001229621466199983,7.144687813672532e-05,8.20740765140349e-05,0.00019525779046002055,0.0001003188121055272,0.00011922793655752653,0.0002865472671383713,0.00016758590655088478,0.00015325169051507248,0.0003578085504343726,0.00048281871178011096,5.393302705356159e-05,0.000984644257166239,0.0023911151518223317,0.0017096005295569607,0.017861946229810896,0.22955023896159119,0.004146154473517359,0.03034105220151824,0.008213402502761223,0.0,0.0,0.0,0.0,0.0,0.0,0.0,0.0,0.0,0.0,0.0,0.0,0.0,0.0,0.0,0.0,0.0,0.0,0.0,0.0,0.0,0.0,12.072239374436833,11.85465859303001,11.633068244227346,11.407234629345368,11.176900501616302,10.941781605456626,10.701562533089998,10.455891726370012,10.20437539785597,9.946570071032795,9.681973335802624,9.41001226788633,9.130028747397361,8.841260597125114,8.542816986689516,8.233645816218939,7.912489630768675,7.57782471381698,7.227774780095132,6.859984980240881,6.471431333409825,6.058119851243731,5.61458555509806,5.1329998162636485,4.601430619700565,4.000000000000043,3.290622283534958,2.3786020958455225,0.6990406976817525,0.0,0.0,0.0,0.0,0.0,0.0,0.0,0.0,0.0,0.0,0.0,0.0,0.0,0.0,0.0,0.0,0.0,0.0,0.0,0.0,0.0,0.0
640.0,6.720454234145533e-05,3.517788013862004e-05,5.144875673174203e-05,6.252465203695549e-05,4.015776281148754e-05,5.908564154334613e-05,8.383784719477876e-05,5.395669700433302e-05,7.103144672641425e-05,0.00012927212957492706,7.361675754800407e-05,9.543743656775e-05,0.00020825701096473197,0.00010206574508877459,0.0001414794014619398,0.0003131088306994521,0.00016780630779777398,0.00018766692748232308,0.0004118038903676915,0.0004757492479265726,5.840293978149427e-05,0.001155024263799655,0.002309132738588305,0.0018069979945279533,0.022103334298114972,0.22646084299677027,0.0023329297513348785,0.028799121818094287,0.009681472902175458,0.0,0.0,0.0,0.0,0.0,0.0,0.0,0.0,0.0,0.0,0.0,0.0,0.0,0.0,0.0,0.0,0.0,0.0,0.0,0.0,0.0,0.0,11.987710063270029,11.772044157333355,11.552410623048715,11.328578657906675,11.10029424929725,10.867276770488644,10.62921490659339,10.385761741931148,10.13652878764816,9.881078656044693,9.618915986834352,9.34947608678739,9.072110536405091,8.786068711064956,8.490473703062207,8.184290419985587,7.866282508187567,7.534952908764481,7.188459735617585,6.824493664384079,6.440092835409786,6.031351292155335,5.592934917952817,5.117222163430583,4.592637870608058,4.000000000000128,3.302876628141391,2.4123233315560384,0.8549436764009926,0.0,0.0,0.0,0.0,0.0,0.0,0.0,0.0,0.0,0.0,0.0,0.0,0.0,0.0,0.0,0.0,0.0,0.0,0.0,0.0,0.0,0.0
650.0,6.836634730663858e-05,3.6977935199838524e-05,5.585269655648469e-05,6.430456260609477e-05,4.227112651813571e-05,6.535464735792566e-05,8.69540019517083e-05,5.659193604710381e-05,8.015389709698371e-05,0.00013524274470426333,7.672019911362695e-05,0.00010979602661151685,0.00022111227245729973,0.00010540117183803854,0.00016629828139296457,0.00034052882079650925,0.00017087973953770096,0.0002300775298328052,0.00046969355379564067,0.0004755089193049473,8.615218427271674e-05,0.0013307601364807987,0.002247920602338948,0.0019456203401285429,0.026661333990436593,0.22214767474514097,0.0012298575013305552,0.027410112471811732,0.01083611048703276,0.0,0.0,0.0,0.0,0.0,0.0,0.0,0.0,0.0,0.0,0.0,0.0,0.0,0.0,0.0,0.0,0.0,0.0,0.0,0.0,0.0,0.0,11.905217349750558,11.69142252645068,11.473701086119888,11.251825056913646,11.025543586951542,10.794579595613783,10.558625767128703,10.317339721329304,10.070338145107854,9.817189597394119,9.557405601711892,9.290429500198485,9.015622340555609,8.732244769432995,8.43943345763121,8.136169892284897,7.8212382789550645,7.493167514386528,7.150149178650864,6.789918192829759,6.409572995038118,6.005292934814065,5.571870426030287,5.101883537543287,4.584099607289417,3.999999999999943,3.314710729703009,2.4445633750734146,0.9827247023281558,0.0,0.0,0.0,0.0,0.0,0.0,0.0,0.0,0.0,0.0,0.0,0.0,0.0,0.0,0.0,0.0,0.0,0.0,0.0,0.0,0.0,0.0
