Energy[eV];Delta;Beta
29,99855;0,23868;0,48346
30,01333;0,23875;0,48313
30,02813;0,23881;0,48281
30,04294;0,23887;0,48249
30,05776;0,23894;0,48217
30,0726;0,239;0,48184
30,08746;0,23906;0,48152
30,10233;0,23913;0,4812
30,11721;0,23919;0,48088
30,13211;0,23925;0,48055
30,14702;0,23932;0,48023
30,16195;0,23938;0,47991
30,17689;0,23945;0,47959
30,19185;0,23951;0,47926
30,20682;0,23957;0,47894
30,22181;0,23964;0,47862
30,23681;0,2397;0,4783
30,25183;0,23976;0,47797
30,26686;0,23986;0,47765
30,28191;0,23997;0,47733
30,29697;0,24008;0,47701
30,31205;0,24019;0,47669
30,32714;0,24029;0,47637
30,34225;0,2404;0,47605
30,35737;0,24051;0,47573
30,37251;0,24062;0,47541
30,38766;0,24073;0,47509
30,40283;0,24084;0,47477
30,41801;0,24094;0,47445
30,43321;0,24105;0,47412
30,44842;0,24116;0,4738
30,46365;0,24127;0,47348
30,4789;0,24138;0,47316
30,49415;0,24149;0,47284
30,50943;0,24159;0,47252
30,52472;0,2417;0,4722
30,54002;0,24181;0,47188
30,55534;0,24192;0,47156
30,57068;0,24203;0,47124
30,58603;0,24214;0,47092
30,6014;0,24225;0,4706
30,61678;0,24235;0,47028
30,63218;0,24246;0,46995
30,64759;0,24257;0,46963
30,66302;0,24268;0,46931
30,67846;0,24279;0,46899
30,69392;0,2429;0,46867
30,70939;0,243;0,46835
30,72489;0,24311;0,46803
30,74039;0,24322;0,46771
30,75591;0,24338;0,46739
30,77145;0,24356;0,46707
30,787;0,24374;0,46675
30,80257;0,24392;0,46643
30,81816;0,2441;0,46611
30,83376;0,24428;0,46579
30,84937;0,24446;0,46548
30,86501;0,24464;0,46516
30,88065;0,24482;0,46484
30,89632;0,245;0,46452
30,912;0,24518;0,4642
30,92769;0,24536;0,46388
30,94341;0,24554;0,46356
30,95913;0,24572;0,46324
30,97488;0,2459;0,46292
30,99064;0,24608;0,46261
31,00641;0,24626;0,46229
31,0222;0,24644;0,46197
31,03801;0,24662;0,46165
31,05384;0,2468;0,46133
31,06968;0,24698;0,46101
31,08553;0,24716;0,46069
31,1014;0,24734;0,46037
31,11729;0,24752;0,46005
31,1332;0,2477;0,45973
31,14912;0,24788;0,45942
31,16506;0,24806;0,4591
31,18101;0,24824;0,45878
31,19698;0,24842;0,45846
31,21297;0,2486;0,45814
31,22897;0,24878;0,45782
31,24499;0,24899;0,45749
31,26103;0,24934;0,45711
31,27708;0,24968;0,45673
31,29315;0,25002;0,45635
31,30923;0,25036;0,45597
31,32533;0,25071;0,45559
31,34145;0,25105;0,45521
31,35759;0,25139;0,45483
31,37374;0,25174;0,45445
31,38991;0,25208;0,45407
31,40609;0,25242;0,45369
31,42229;0,25276;0,45331
31,43851;0,25311;0,45293
31,45475;0,25345;0,45256
31,471;0,25379;0,45218
31,48727;0,25414;0,4518
31,50355;0,25448;0,45142
31,51986;0,25482;0,45104
31,53617;0,25516;0,45066
31,55251;0,25551;0,45028
31,56886;0,25585;0,4499
31,58523;0,25619;0,44952
31,60162;0,25654;0,44914
31,61802;0,25688;0,44876
31,63445;0,25722;0,44838
31,65088;0,25756;0,448
31,66734;0,25791;0,44762
31,68381;0,25825;0,44724
31,7003;0,25859;0,44686
31,71681;0,25894;0,44648
31,73333;0,25928;0,4461
31,74987;0,25961;0,44567
31,76643;0,25988;0,44496
31,78301;0,26015;0,44424
31,7996;0,26042;0,44352
31,81621;0,26069;0,44281
31,83284;0,26096;0,44209
31,84948;0,26123;0,44138
31,86614;0,2615;0,44066
31,88282;0,26177;0,43994
31,89952;0,26204;0,43923
31,91624;0,26231;0,43851
31,93297;0,26258;0,4378
31,94972;0,26285;0,43708
31,96649;0,26312;0,43636
31,98327;0,26339;0,43565
32,00007;0,26366;0,43493
32,01689;0,26393;0,43422
32,03373;0,2642;0,4335
32,05059;0,26447;0,43278
32,06746;0,26474;0,43207
32,08435;0,26501;0,43135
32,10126;0,26528;0,43064
32,11819;0,26555;0,42992
32,13513;0,26582;0,4292
32,1521;0,26609;0,42849
32,16908;0,26636;0,42777
32,18608;0,26663;0,42706
32,20309;0,2669;0,42634
32,22013;0,26717;0,42562
32,23718;0,26744;0,42491
32,25425;0,26771;0,42419
32,27134;0,2679;0,42349
32,28845;0,26804;0,4228
32,30557;0,26818;0,42211
32,32271;0,26832;0,42141
32,33988;0,26845;0,42072
32,35706;0,26859;0,42003
32,37425;0,26873;0,41934
32,39147;0,26887;0,41865
32,4087;0,269;0,41795
32,42596;0,26914;0,41726
32,44323;0,26928;0,41657
32,46052;0,26942;0,41588
32,47783;0,26955;0,41519
32,49515;0,26969;0,41449
32,5125;0,26983;0,4138
32,52986;0,26997;0,41311
32,54724;0,2701;0,41242
32,56464;0,27024;0,41173
32,58206;0,27038;0,41104
32,5995;0,27052;0,41034
32,61696;0,27065;0,40965
32,63443;0,27079;0,40896
32,65193;0,27093;0,40827
32,66944;0,27107;0,40758
32,68697;0,2712;0,40688
32,70452;0,27134;0,40619
32,72209;0,27148;0,4055
32,73968;0,27162;0,40481
32,75729;0,27175;0,40412
32,77491;0,27189;0,40342
32,79256;0,27203;0,40269
32,81022;0,27216;0,40193
32,82791;0,27229;0,40117
32,84561;0,27242;0,40041
32,86333;0,27255;0,39965
32,88107;0,27268;0,39889
32,89883;0,27281;0,39813
32,91661;0,27294;0,39736
32,93441;0,27307;0,3966
32,95222;0,2732;0,39584
32,97006;0,27333;0,39508
32,98792;0,27346;0,39432
33,00579;0,27359;0,39356
33,02369;0,27372;0,3928
33,0416;0,27385;0,39203
33,05953;0,27398;0,39127
33,07749;0,27411;0,39051
33,09546;0,27424;0,38975
33,11345;0,27437;0,38899
33,13146;0,2745;0,38823
33,14949;0,27463;0,38747
33,16754;0,27476;0,38671
33,18561;0,27489;0,38594
33,2037;0,27503;0,38518
33,22181;0,27516;0,38442
33,23994;0,27529;0,38366
33,25809;0,27542;0,3829
33,27626;0,27555;0,38214
33,29445;0,27568;0,38138
33,31266;0,27581;0,38061
33,33089;0,27576;0,3798
33,34914;0,2757;0,37899
33,36741;0,27565;0,37817
33,3857;0,27559;0,37736
33,40401;0,27554;0,37654
33,42233;0,27549;0,37573
33,44068;0,27543;0,37491
33,45905;0,27538;0,3741
33,47744;0,27532;0,37328
33,49585;0,27527;0,37247
33,51428;0,27522;0,37166
33,53273;0,27516;0,37084
33,5512;0,27511;0,37003
33,5697;0,27505;0,36921
33,58821;0,275;0,3684
33,60674;0,27494;0,36758
33,62529;0,27489;0,36677
33,64386;0,27484;0,36595
33,66246;0,27478;0,36514
33,68107;0,27473;0,36432
33,69971;0,27467;0,36351
33,71836;0,27462;0,3627
33,73704;0,27457;0,36188
33,75573;0,27451;0,36107
33,77445;0,27446;0,36025
33,79319;0,2744;0,35944
33,81195;0,27435;0,35862
33,83073;0,2743;0,35781
33,84953;0,27424;0,35699
33,86835;0,27409;0,35621
33,88719;0,27393;0,35544
33,90605;0,27376;0,35466
33,92494;0,2736;0,35388
33,94384;0,27344;0,35311
33,96277;0,27327;0,35233
33,98172;0,27311;0,35156
34,00069;0,27295;0,35078
34,01968;0,27278;0,35
34,03869;0,27262;0,34923
34,05772;0,27246;0,34845
34,07677;0,27229;0,34768
34,09585;0,27213;0,3469
34,11495;0,27197;0,34612
34,13406;0,2718;0,34535
34,1532;0,27164;0,34457
34,17236;0,27148;0,34379
34,19155;0,27131;0,34302
34,21075;0,27115;0,34224
34,22998;0,27099;0,34147
34,24922;0,27082;0,34069
34,26849;0,27066;0,33991
34,28778;0,2705;0,33914
34,30709;0,27033;0,33836
34,32643;0,27017;0,33758
34,34578;0,27001;0,33681
34,36516;0,26984;0,33603
34,38456;0,26968;0,33526
34,40398;0,26949;0,33449
34,42342;0,26924;0,33375
34,44289;0,26899;0,33301
34,46238;0,26873;0,33227
34,48189;0,26848;0,33153
34,50142;0,26822;0,33079
34,52097;0,26797;0,33005
34,54055;0,26772;0,32931
34,56015;0,26746;0,32857
34,57977;0,26721;0,32783
34,59941;0,26695;0,32709
34,61907;0,2667;0,32635
34,63876;0,26645;0,32561
34,65847;0,26619;0,32487
34,6782;0,26594;0,32413
34,69796;0,26568;0,3234
34,71773;0,26543;0,32266
34,73753;0,26518;0,32192
34,75736;0,26492;0,32118
34,7772;0,26467;0,32044
34,79707;0,26441;0,3197
34,81696;0,26416;0,31896
34,83687;0,26391;0,31822
34,85681;0,26365;0,31748
34,87676;0,2634;0,31674
34,89675;0,26315;0,316
34,91675;0,26289;0,31526
34,93678;0,26264;0,31452
34,95683;0,26238;0,31379
34,9769;0,26206;0,31316
34,997;0,26173;0,31253
35,01712;0,26141;0,3119
35,03726;0,26109;0,31127
35,05743;0,26076;0,31065
35,07762;0,26044;0,31002
35,09783;0,26012;0,30939
35,11806;0,25979;0,30876
35,13832;0,25947;0,30813
35,1586;0,25915;0,30751
35,17891;0,25882;0,30688
35,19924;0,2585;0,30625
35,21959;0,25818;0,30562
35,23997;0,25785;0,30499
35,26037;0,25753;0,30437
35,28079;0,25721;0,30374
35,30124;0,25689;0,30311
35,32171;0,25656;0,30248
35,34221;0,25624;0,30185
35,36272;0,25592;0,30122
35,38327;0,25559;0,3006
35,40383;0,25527;0,29997
35,42442;0,25495;0,29934
35,44504;0,25462;0,29871
35,46567;0,2543;0,29808
35,48634;0,25398;0,29746
35,50702;0,25365;0,29683
35,52773;0,25334;0,29621
35,54847;0,25303;0,29564
35,56923;0,25272;0,29506
35,59001;0,25242;0,29448
35,61082;0,25211;0,2939
35,63165;0,2518;0,29332
35,6525;0,2515;0,29274
35,67339;0,25119;0,29216
35,69429;0,25089;0,29158
35,71522;0,25058;0,291
35,73617;0,25027;0,29042
35,75715;0,24997;0,28984
35,77816;0,24966;0,28926
35,79918;0,24935;0,28868
35,82024;0,24905;0,2881
35,84131;0,24874;0,28752
35,86242;0,24843;0,28694
35,88354;0,24813;0,28636
35,9047;0,24782;0,28578
35,92587;0,24752;0,2852
35,94707;0,24721;0,28462
35,9683;0,2469;0,28404
35,98955;0,2466;0,28346
36,01083;0,24629;0,28288
36,03213;0,24598;0,2823
36,05346;0,24568;0,28172
36,07481;0,24537;0,28114
36,09619;0,24506;0,28056
36,1176;0,24475;0,28001
36,13902;0,24443;0,27945
36,16048;0,24412;0,27889
36,18196;0,2438;0,27833
36,20346;0,24348;0,27778
36,225;0,24317;0,27722
36,24655;0,24285;0,27666
36,26813;0,24254;0,2761
36,28974;0,24222;0,27555
36,31138;0,2419;0,27499
36,33304;0,24159;0,27443
36,35472;0,24127;0,27387
36,37643;0,24096;0,27331
36,39817;0,24064;0,27276
36,41993;0,24032;0,2722
36,44172;0,24001;0,27164
36,46354;0,23969;0,27108
36,48538;0,23938;0,27053
36,50725;0,23906;0,26997
36,52914;0,23874;0,26941
36,55106;0,23843;0,26885
36,57301;0,23811;0,2683
36,59498;0,2378;0,26774
36,61698;0,23748;0,26718
36,63901;0,23716;0,26662
36,66106;0,23685;0,26607
36,68314;0,23653;0,26551
36,70524;0,23619;0,26498
36,72738;0,23585;0,26444
36,74953;0,23551;0,2639
36,77172;0,23518;0,26337
36,79393;0,23484;0,26283
36,81617;0,2345;0,26229
36,83844;0,23416;0,26176
36,86073;0,23382;0,26122
36,88305;0,23349;0,26068
36,9054;0,23315;0,26015
36,92777;0,23281;0,25961
36,95017;0,23247;0,25907
36,9726;0,23213;0,25854
36,99506;0,2318;0,258
37,01754;0,23146;0,25747
37,04005;0,23112;0,25693
37,06259;0,23078;0,25639
37,08516;0,23044;0,25586
37,10775;0,23011;0,25532
37,13037;0,22977;0,25478
37,15302;0,22943;0,25425
37,17569;0,22909;0,25371
37,1984;0,22875;0,25317
37,22113;0,22842;0,25264
37,24389;0,22808;0,2521
37,26667;0,22774;0,25157
37,28949;0,22738;0,25105
37,31233;0,22702;0,25054
37,3352;0,22665;0,25003
37,3581;0,22629;0,24952
37,38103;0,22592;0,24901
37,40398;0,22556;0,2485
37,42696;0,2252;0,24799
37,44998;0,22483;0,24748
37,47302;0,22447;0,24697
37,49608;0,2241;0,24646
37,51918;0,22374;0,24595
37,5423;0,22337;0,24544
37,56546;0,22301;0,24493
37,58864;0,22265;0,24442
37,61185;0,22228;0,24391
37,63509;0,22192;0,2434
37,65836;0,22155;0,24289
37,68165;0,22119;0,24238
37,70498;0,22082;0,24187
37,72834;0,22046;0,24136
37,75172;0,2201;0,24085
37,77513;0,21973;0,24034
37,79857;0,21937;0,23983
37,82204;0,219;0,23932
37,84554;0,21864;0,23881
37,86907;0,21827;0,2383
37,89263;0,2179;0,23781
37,91622;0,21751;0,23733
37,93984;0,21713;0,23684
37,96348;0,21674;0,23635
37,98716;0,21636;0,23587
38,01086;0,21597;0,23538
38,0346;0,21559;0,23489
38,05836;0,2152;0,23441
38,08216;0,21482;0,23392
38,10598;0,21444;0,23343
38,12984;0,21405;0,23294
38,15372;0,21367;0,23246
38,17764;0,21328;0,23197
38,20158;0,2129;0,23148
38,22555;0,21251;0,231
38,24956;0,21213;0,23051
38,27359;0,21174;0,23002
38,29766;0,21136;0,22954
38,32175;0,21098;0,22905
38,34588;0,21059;0,22856
38,37003;0,21021;0,22808
38,39422;0,20982;0,22759
38,41843;0,20944;0,2271
38,44268;0,20905;0,22662
38,46696;0,20867;0,22613
38,49127;0,20828;0,22565
38,51561;0,20787;0,22518
38,53998;0,20745;0,22471
38,56438;0,20703;0,22424
38,58881;0,20662;0,22377
38,61327;0,2062;0,2233
38,63777;0,20578;0,22283
38,66229;0,20537;0,22237
38,68685;0,20495;0,2219
38,71143;0,20454;0,22143
38,73605;0,20412;0,22096
38,7607;0,2037;0,22049
38,78538;0,20329;0,22002
38,8101;0,20287;0,21955
38,83484;0,20245;0,21908
38,85962;0,20204;0,21862
38,88442;0,20162;0,21815
38,90926;0,20121;0,21768
38,93413;0,20079;0,21721
38,95904;0,20037;0,21674
38,98397;0,19996;0,21627
39,00894;0,19954;0,2158
39,03394;0,19913;0,21533
39,05897;0,19871;0,21487
39,08403;0,19829;0,2144
39,10912;0,19788;0,21393
39,13425;0,19739;0,21348
39,15941;0,19691;0,21302
39,1846;0,19642;0,21257
39,20983;0,19593;0,21212
39,23508;0,19545;0,21167
39,26037;0,19496;0,21122
39,28569;0,19447;0,21077
39,31105;0,19398;0,21032
39,33643;0,1935;0,20986
39,36185;0,19301;0,20941
39,38731;0,19252;0,20896
39,41279;0,19203;0,20851
39,43831;0,19155;0,20806
39,46386;0,19106;0,20761
39,48945;0,19057;0,20716
39,51507;0,19009;0,2067
39,54072;0,1896;0,20625
39,5664;0,18911;0,2058
39,59212;0,18862;0,20535
39,61787;0,18814;0,2049
39,64366;0,18765;0,20445
39,66948;0,18716;0,204
39,69533;0,18667;0,20354
39,72122;0,18619;0,20309
39,74714;0,18569;0,20267
39,77309;0,18512;0,20239
39,79908;0,18454;0,2021
39,8251;0,18397;0,20182
39,85116;0,1834;0,20154
39,87725;0,18283;0,20126
39,90337;0,18225;0,20097
39,92953;0,18168;0,20069
39,95572;0,18111;0,20041
39,98195;0,18054;0,20013
40,00821;0,17997;0,19985
40,03451;0,17939;0,19956
40,06084;0,17882;0,19928
40,0872;0,17825;0,199
40,1136;0,17768;0,19872
40,14004;0,1771;0,19843
40,16651;0,17653;0,19815
40,19301;0,17596;0,19787
40,21955;0,17539;0,19759
40,24612;0,17481;0,19731
40,27273;0,17424;0,19702
40,29938;0,17367;0,19674
40,32606;0,1731;0,19646
40,35278;0,17253;0,19618
40,37953;0,17195;0,19589
40,40631;0,17147;0,19567
40,43314;0,17103;0,19548
40,45999;0,17058;0,19528
40,48689;0,17013;0,19508
40,51382;0,16968;0,19488
40,54078;0,16923;0,19468
40,56778;0,16878;0,19448
40,59482;0,16833;0,19428
40,62189;0,16788;0,19408
40,649;0,16743;0,19388
40,67615;0,16699;0,19368
40,70333;0,16654;0,19348
40,73055;0,16609;0,19328
40,7578;0,16564;0,19308
40,78509;0,16519;0,19289
40,81242;0,16474;0,19269
40,83978;0,16429;0,19249
40,86718;0,16384;0,19229
40,89462;0,16339;0,19209
40,9221;0,16294;0,19189
40,94961;0,1625;0,19169
40,97716;0,16205;0,19149
41,00474;0,1616;0,19129
41,03236;0,16115;0,19109
41,06002;0,16074;0,19089
41,08772;0,16034;0,1907
41,11546;0,15994;0,1905
41,14323;0,15955;0,1903
41,17104;0,15915;0,1901
41,19889;0,15875;0,18991
41,22677;0,15836;0,18971
41,25469;0,15796;0,18951
41,28265;0,15756;0,18931
41,31065;0,15717;0,18912
41,33869;0,15677;0,18892
41,36676;0,15637;0,18872
41,39488;0,15597;0,18852
41,42303;0,15558;0,18833
41,45122;0,15518;0,18813
41,47944;0,15478;0,18793
41,50771;0,15439;0,18774
41,53602;0,15399;0,18754
41,56436;0,15359;0,18734
41,59274;0,1532;0,18714
41,62116;0,1528;0,18695
41,64962;0,1524;0,18675
41,67812;0,152;0,18655
41,70666;0,15161;0,18635
41,73524;0,15123;0,18616
41,76385;0,15085;0,18596
41,79251;0,15046;0,18577
41,8212;0,15008;0,18557
41,84994;0,1497;0,18537
41,87871;0,14932;0,18518
41,90752;0,14894;0,18498
41,93638;0,14855;0,18479
41,96527;0,14817;0,18459
41,9942;0,14779;0,1844
42,02317;0,14741;0,1842
42,05219;0,14703;0,184
42,08124;0,14665;0,18381
42,11033;0,14626;0,18361
42,13946;0,14588;0,18342
42,16864;0,1455;0,18322
42,19785;0,14512;0,18302
42,2271;0,14474;0,18283
42,2564;0,14435;0,18263
42,28573;0,14397;0,18244
42,31511;0,14359;0,18224
42,34453;0,14321;0,18205
42,37399;0,14283;0,18185
42,40348;0,14244;0,18166
42,43302;0,14206;0,18146
42,46261;0,14167;0,18127
42,49223;0,14129;0,18107
42,52189;0,1409;0,18088
42,5516;0,14052;0,18069
42,58134;0,14013;0,18049
42,61113;0,13975;0,1803
42,64096;0,13936;0,1801
42,67084;0,13898;0,17991
42,70075;0,13859;0,17971
42,73071;0,13821;0,17952
42,7607;0,13782;0,17933
42,79074;0,13744;0,17913
42,82083;0,13705;0,17894
42,85095;0,13667;0,17874
42,88112;0,13628;0,17855
42,91133;0,1359;0,17836
42,94158;0,13551;0,17816
42,97187;0,13513;0,17797
43,00221;0,13474;0,17777
43,03259;0,13436;0,17758
43,06302;0,13397;0,17739
43,09348;0,13355;0,17723
43,12399;0,13312;0,17708
43,15454;0,1327;0,17692
43,18514;0,13228;0,17677
43,21578;0,13185;0,17661
43,24646;0,13143;0,17646
43,27719;0,131;0,17631
43,30796;0,13058;0,17615
43,33877;0,13015;0,176
43,36963;0,12973;0,17584
43,40053;0,12931;0,17569
43,43148;0,12888;0,17553
43,46247;0,12846;0,17538
43,49351;0,12803;0,17523
43,52458;0,12761;0,17507
43,55571;0,12718;0,17492
43,58688;0,12676;0,17476
43,61809;0,12634;0,17461
43,64935;0,12591;0,17445
43,68065;0,12549;0,1743
43,71199;0,12506;0,17414
43,74339;0,12464;0,17399
43,77482;0,12424;0,17387
43,80631;0,12386;0,17379
43,83783;0,12349;0,1737
43,86941;0,12311;0,17362
43,90103;0,12274;0,17353
43,93269;0,12236;0,17345
43,9644;0,12199;0,17336
43,99616;0,12161;0,17328
44,02796;0,12123;0,17319
44,0598;0,12086;0,17311
44,0917;0,12048;0,17302
44,12364;0,12011;0,17294
44,15562;0,11973;0,17285
44,18766;0,11936;0,17277
44,21974;0,11898;0,17268
44,25186;0,1186;0,1726
44,28403;0,11823;0,17251
44,31625;0,11785;0,17243
44,34852;0,11748;0,17234
44,38083;0,1171;0,17226
44,41319;0,11673;0,17217
44,4456;0,11635;0,17209
44,47806;0,11599;0,172
44,51056;0,11564;0,17192
44,54311;0,1153;0,17183
44,57571;0,11495;0,17175
44,60835;0,1146;0,17166
44,64105;0,11426;0,17158
44,67379;0,11391;0,17149
44,70658;0,11357;0,17141
44,73941;0,11322;0,17132
44,7723;0,11288;0,17124
44,80523;0,11253;0,17115
44,83821;0,11219;0,17107
44,87125;0,11184;0,17098
44,90433;0,1115;0,1709
44,93745;0,11115;0,17081
44,97063;0,11081;0,17072
45,00386;0,11046;0,17064
45,03713;0,11012;0,17055
45,07046;0,10977;0,17047
45,10383;0,10943;0,17038
45,13726;0,10908;0,1703
45,17073;0,10874;0,17021
45,20425;0,10839;0,17013
45,23783;0,10806;0,17004
45,27145;0,10772;0,16996
45,30512;0,10738;0,16987
45,33884;0,10704;0,16978
45,37262;0,1067;0,1697
45,40644;0,10636;0,16961
45,44031;0,10602;0,16953
45,47424;0,10568;0,16944
45,50821;0,10534;0,16936
45,54224;0,10501;0,16927
45,57632;0,10467;0,16918
45,61044;0,10433;0,1691
45,64462;0,10399;0,16901
45,67885;0,10365;0,16893
45,71314;0,10331;0,16884
45,74747;0,10297;0,16876
45,78185;0,10263;0,16867
45,81629;0,10229;0,16858
45,85078;0,10196;0,1685
45,88532;0,10162;0,16841
45,91991;0,10128;0,16833
45,95456;0,1009;0,16824
45,98925;0,10052;0,16815
46,024;0,10015;0,16807
46,0588;0,09977;0,16798
46,09366;0,09939;0,1679
46,12857;0,09902;0,16781
46,16353;0,09864;0,16772
46,19854;0,09827;0,16764
46,23361;0,09789;0,16755
46,26873;0,09751;0,16747
46,3039;0,09714;0,16738
46,33913;0,09676;0,16729
46,37441;0,09638;0,16721
46,40974;0,09601;0,16712
46,44513;0,09563;0,16703
46,48057;0,09526;0,16695
46,51607;0,09488;0,16686
46,55162;0,0945;0,16678
46,58722;0,09413;0,16669
46,62288;0,09375;0,1666
46,6586;0,09337;0,16652
46,69436;0,09293;0,16657
46,73019;0,09248;0,16662
46,76607;0,09203;0,16667
46,802;0,09158;0,16672
46,83799;0,09113;0,16677
46,87403;0,09068;0,16683
46,91013;0,09024;0,16688
46,94629;0,08979;0,16693
46,9825;0,08934;0,16698
47,01877;0,08889;0,16704
47,05509;0,08844;0,16709
47,09147;0,08799;0,16714
47,1279;0,08754;0,16719
47,1644;0,08709;0,16725
47,20095;0,08664;0,1673
47,23755;0,0862;0,16735
47,27421;0,08575;0,1674
47,31093;0,0853;0,16745
47,34771;0,08485;0,16751
47,38454;0,0844;0,16756
47,42143;0,08398;0,16763
47,45838;0,08367;0,16777
47,49539;0,08336;0,16792
47,53245;0,08305;0,16806
47,56957;0,08274;0,16821
47,60675;0,08244;0,16835
47,64399;0,08213;0,16849
47,68129;0,08182;0,16864
47,71864;0,08151;0,16878
47,75605;0,0812;0,16893
47,79352;0,08089;0,16907
47,83105;0,08059;0,16921
47,86864;0,08028;0,16936
47,90629;0,07997;0,1695
47,944;0,07966;0,16965
47,98177;0,07935;0,16979
48,0196;0,07905;0,16993
48,05748;0,07874;0,17008
48,09543;0,07843;0,17022
48,13343;0,07812;0,17037
48,1715;0,07781;0,17051
48,20963;0,07757;0,17066
48,24782;0,07734;0,17081
48,28606;0,07712;0,17096
48,32437;0,07689;0,17111
48,36274;0,07667;0,17126
48,40117;0,07645;0,1714
48,43966;0,07622;0,17155
48,47822;0,076;0,1717
48,51683;0,07577;0,17185
48,5555;0,07555;0,172
48,59424;0,07533;0,17215
48,63304;0,0751;0,1723
48,6719;0,07488;0,17245
48,71083;0,07465;0,1726
48,74981;0,07443;0,17275
48,78886;0,0742;0,17289
48,82797;0,07398;0,17304
48,86714;0,07376;0,17319
48,90638;0,07353;0,17334
48,94568;0,07331;0,17349
48,98504;0,07312;0,17364
49,02447;0,07296;0,1738
49,06396;0,07279;0,17395
49,10351;0,07263;0,17411
49,14313;0,07246;0,17426
49,18281;0,0723;0,17441
49,22255;0,07213;0,17457
49,26236;0,07197;0,17472
49,30224;0,0718;0,17488
49,34218;0,07164;0,17503
49,38218;0,07147;0,17518
49,42225;0,07131;0,17534
49,46238;0,07114;0,17549
49,50258;0,07097;0,17565
49,54284;0,07081;0,1758
49,58317;0,07064;0,17596
49,62357;0,07048;0,17611
49,66403;0,07031;0,17626
49,70455;0,07015;0,17642
49,74515;0,06998;0,17657
49,78581;0,06987;0,17672
49,82653;0,06977;0,17687
49,86733;0,06967;0,17702
49,90819;0,06957;0,17716
49,94911;0,06947;0,17731
49,99011;0,06937;0,17746
50,03117;0,06927;0,17761
50,0723;0,06916;0,17775
50,11349;0,06906;0,1779
50,15476;0,06896;0,17805
50,19609;0,06886;0,1782
50,23749;0,06876;0,17834
50,27896;0,06866;0,17849
50,3205;0,06856;0,17864
50,3621;0,06846;0,17879
50,40378;0,06836;0,17893
50,44552;0,06826;0,17908
50,48733;0,06816;0,17923
50,52922;0,06805;0,17938
50,57117;0,06796;0,17952
50,61319;0,0679;0,17966
50,65528;0,06783;0,17979
50,69744;0,06776;0,17993
50,73967;0,0677;0,18006
50,78198;0,06763;0,1802
50,82435;0,06757;0,18034
50,86679;0,0675;0,18047
50,90931;0,06743;0,18061
50,95189;0,06737;0,18074
50,99455;0,0673;0,18088
51,03728;0,06723;0,18102
51,08008;0,06717;0,18115
51,12295;0,0671;0,18129
51,16589;0,06703;0,18143
51,20891;0,06697;0,18156
51,252;0,0669;0,1817
51,29516;0,06683;0,18183
51,33839;0,06677;0,18197
51,3817;0,06671;0,18211
51,42508;0,06668;0,18225
51,46853;0,06666;0,18239
51,51206;0,06664;0,18253
51,55566;0,06661;0,18267
51,59934;0,06659;0,18281
51,64308;0,06657;0,18295
51,68691;0,06654;0,18309
51,7308;0,06652;0,18323
51,77478;0,0665;0,18337
51,81882;0,06647;0,18351
51,86294;0,06645;0,18365
51,90714;0,06643;0,18379
51,95141;0,0664;0,18393
51,99576;0,06638;0,18407
52,04018;0,06636;0,18421
52,08468;0,06633;0,18435
52,12926;0,06631;0,18449
52,17391;0,06629;0,18463
52,21864;0,06628;0,18477
52,26345;0,06632;0,18492
52,30833;0,06636;0,18506
52,35329;0,0664;0,18521
52,39832;0,06644;0,18535
52,44344;0,06648;0,1855
52,48863;0,06652;0,18564
52,5339;0,06656;0,18579
52,57925;0,0666;0,18593
52,62468;0,06664;0,18608
52,67018;0,06668;0,18622
52,71576;0,06672;0,18637
52,76143;0,06676;0,18651
52,80717;0,0668;0,18666
52,85299;0,06684;0,1868
52,89889;0,06688;0,18695
52,94487;0,06692;0,18709
52,99093;0,06696;0,18724
53,03708;0,067;0,18738
53,0833;0,06711;0,18752
53,1296;0,06726;0,18766
53,17598;0,0674;0,18781
53,22245;0,06755;0,18795
53,26899;0,06769;0,18809
53,31562;0,06784;0,18823
53,36233;0,06799;0,18837
53,40912;0,06813;0,18852
53,45599;0,06828;0,18866
53,50294;0,06842;0,1888
53,54998;0,06857;0,18894
53,5971;0,06871;0,18908
53,6443;0,06886;0,18922
53,69159;0,06901;0,18937
53,73896;0,06915;0,18951
53,78641;0,0693;0,18965
53,83395;0,06944;0,18979
53,88157;0,06959;0,18993
53,92928;0,06975;0,19001
53,97707;0,06992;0,18999
54,02494;0,07009;0,18998
54,0729;0,07026;0,18997
54,12095;0,07043;0,18995
54,16908;0,0706;0,18994
54,2173;0,07077;0,18993
54,2656;0,07095;0,18991
54,31399;0,07112;0,1899
54,36246;0,07129;0,18988
54,41102;0,07146;0,18987
54,45967;0,07163;0,18986
54,50841;0,0718;0,18984
54,55723;0,07198;0,18983
54,60614;0,07215;0,18981
54,65514;0,07232;0,1898
54,70423;0,07249;0,18979
54,7534;0,07266;0,18977
54,80266;0,07283;0,18976
54,85201;0,07298;0,18974
54,90145;0,07314;0,18973
54,95098;0,0733;0,18972
55,0006;0,07346;0,1897
55,05031;0,07361;0,18969
55,10011;0,07377;0,18967
55,15;0,07393;0,18966
55,19998;0,07409;0,18965
55,25005;0,07424;0,18963
55,30021;0,0744;0,18962
55,35046;0,07456;0,1896
55,40081;0,07471;0,18959
55,45124;0,07487;0,18958
55,50177;0,07503;0,18956
55,55239;0,07519;0,18955
55,6031;0,07534;0,18953
55,6539;0,0755;0,18952
55,7048;0,0757;0,18951
55,75579;0,07591;0,18949
55,80688;0,07613;0,18948
55,85805;0,07634;0,18946
55,90932;0,07656;0,18945
55,96069;0,07677;0,18944
56,01215;0,07698;0,18942
56,06371;0,0772;0,18941
56,11536;0,07741;0,18939
56,1671;0,07763;0,18938
56,21894;0,07784;0,18936
56,27088;0,07805;0,18935
56,32291;0,07827;0,18934
56,37504;0,07848;0,18932
56,42726;0,07869;0,18931
56,47959;0,07891;0,18929
56,53201;0,07912;0,18928
56,58452;0,07937;0,18922
56,63714;0,07968;0,18905
56,68985;0,08;0,18889
56,74266;0,08031;0,18873
56,79557;0,08062;0,18857
56,84858;0,08093;0,18841
56,90168;0,08125;0,18825
56,95489;0,08156;0,18809
57,0082;0,08187;0,18793
57,0616;0,08219;0,18777
57,11511;0,0825;0,18761
57,16871;0,08281;0,18745
57,22242;0,08312;0,18729
57,27623;0,08344;0,18713
57,33014;0,08375;0,18697
57,38415;0,08406;0,18681
57,43826;0,08438;0,18665
57,49248;0,08467;0,18647
57,54679;0,08487;0,18622
57,60121;0,08508;0,18596
57,65574;0,08528;0,18571
57,71036;0,08549;0,18546
57,76509;0,08569;0,18521
57,81993;0,0859;0,18495
57,87487;0,0861;0,1847
57,92991;0,08631;0,18445
57,98506;0,08651;0,1842
58,04031;0,08672;0,18395
58,09567;0,08692;0,18369
58,15113;0,08713;0,18344
58,2067;0,08733;0,18319
58,26238;0,08754;0,18294
58,31816;0,08774;0,18268
58,37405;0,08795;0,18243
58,43004;0,08815;0,18218
58,48615;0,08833;0,18193
58,54236;0,08852;0,18168
58,59868;0,0887;0,18143
58,65511;0,08889;0,18118
58,71165;0,08908;0,18093
58,76829;0,08926;0,18068
58,82505;0,08945;0,18043
58,88192;0,08963;0,18018
58,93889;0,08982;0,17993
58,99598;0,09001;0,17968
59,05317;0,09019;0,17942
59,11048;0,09038;0,17917
59,1679;0,09057;0,17892
59,22543;0,09075;0,17867
59,28308;0,09094;0,17842
59,34083;0,09112;0,17817
59,3987;0,09129;0,17781
59,45668;0,09145;0,17741
59,51477;0,09162;0,17701
59,57298;0,09178;0,1766
59,6313;0,09194;0,1762
59,68974;0,0921;0,1758
59,74829;0,09226;0,1754
59,80695;0,09242;0,17499
59,86574;0,09258;0,17459
59,92463;0,09275;0,17419
59,98364;0,09291;0,17379
60,04277;0,09307;0,17338
60,10202;0,09323;0,17298
60,16138;0,09339;0,17258
60,22086;0,09355;0,17218
60,28046;0,09371;0,17178
60,34018;0,09381;0,17136
60,40001;0,09381;0,17092
60,45996;0,09381;0,17049
60,52003;0,09381;0,17005
60,58023;0,09382;0,16961
60,64054;0,09382;0,16918
60,70097;0,09382;0,16874
60,76152;0,09382;0,1683
60,8222;0,09382;0,16787
60,88299;0,09382;0,16743
60,94391;0,09382;0,16699
61,00494;0,09382;0,16656
61,0661;0,09382;0,16612
61,12739;0,09382;0,16568
61,18879;0,09382;0,16525
61,25032;0,09382;0,16481
61,31198;0,09378;0,1644
61,37376;0,09363;0,16406
61,43566;0,09349;0,16372
61,49769;0,09335;0,16338
61,55984;0,09321;0,16304
61,62212;0,09306;0,1627
61,68452;0,09292;0,16236
61,74705;0,09278;0,16202
61,80971;0,09264;0,16168
61,8725;0,09249;0,16134
61,93541;0,09235;0,161
61,99845;0,09221;0,16066
62,06162;0,09207;0,16032
62,12492;0,09192;0,15998
62,18835;0,09178;0,15964
62,25191;0,09164;0,1593
62,3156;0,09151;0,15901
62,37941;0,09141;0,15875
62,44336;0,0913;0,1585
62,50744;0,09119;0,15824
62,57166;0,09108;0,15799
62,636;0,09097;0,15773
62,70048;0,09086;0,15748
62,76509;0,09075;0,15722
62,82983;0,09064;0,15697
62,8947;0,09054;0,15671
62,95971;0,09043;0,15646
63,02486;0,09032;0,15621
63,09014;0,09021;0,15595
63,15555;0,0901;0,1557
63,22111;0,08999;0,15544
63,28679;0,08988;0,15519
63,35262;0,08975;0,15493
63,41858;0,08962;0,15468
63,48468;0,08948;0,15443
63,55091;0,08935;0,15418
63,61729;0,08921;0,15392
63,6838;0,08908;0,15367
63,75045;0,08894;0,15342
63,81725;0,08881;0,15317
63,88418;0,08868;0,15292
63,95125;0,08854;0,15266
64,01847;0,08841;0,15241
64,08582;0,08827;0,15216
64,15332;0,08814;0,15191
64,22096;0,088;0,15165
64,28874;0,08787;0,1514
64,35667;0,08767;0,15115
64,42474;0,08743;0,1509
64,49295;0,08719;0,15065
64,56131;0,08695;0,1504
64,62981;0,08671;0,15015
64,69846;0,08647;0,1499
64,76726;0,08623;0,14965
64,8362;0,08599;0,1494
64,90529;0,08575;0,14915
64,97452;0,08551;0,1489
65,0439;0,08527;0,14865
65,11344;0,08503;0,1484
65,18312;0,08479;0,14815
65,25295;0,08455;0,1479
65,32293;0,08431;0,14765
65,39306;0,08407;0,14756
65,46334;0,08383;0,14759
65,53377;0,0836;0,14763
65,60435;0,08336;0,14767
65,67509;0,08312;0,1477
65,74598;0,08288;0,14774
65,81702;0,08265;0,14778
65,88821;0,08241;0,14781
65,95956;0,08217;0,14785
66,03107;0,08193;0,14788
66,10273;0,0817;0,14792
66,17454;0,08146;0,14796
66,24651;0,08122;0,14799
66,31864;0,08098;0,14803
66,39093;0,08075;0,14807
66,46337;0,08059;0,14812
66,53597;0,08048;0,14818
66,60873;0,08036;0,14825
66,68165;0,08024;0,14831
66,75473;0,08013;0,14837
66,82797;0,08001;0,14844
66,90137;0,07989;0,1485
66,97493;0,07978;0,14856
67,04866;0,07966;0,14862
67,12255;0,07954;0,14869
67,19659;0,07943;0,14875
67,27081;0,07931;0,14881
67,34518;0,07919;0,14888
67,41973;0,07908;0,14894
67,49443;0,07897;0,14901
67,56931;0,07891;0,14919
67,64435;0,07885;0,14936
67,71955;0,0788;0,14953
67,79492;0,07874;0,1497
67,87047;0,07869;0,14987
67,94618;0,07863;0,15004
68,02205;0,07857;0,15021
68,0981;0,07852;0,15038
68,17432;0,07846;0,15055
68,25071;0,0784;0,15072
68,32727;0,07835;0,15089
68,40401;0,07829;0,15107
68,48091;0,07823;0,15124
68,55799;0,07818;0,15141
68,63524;0,07827;0,15163
68,71267;0,07842;0,15187
68,79027;0,07857;0,15211
68,86805;0,07871;0,15235
68,946;0,07886;0,15259
69,02413;0,07901;0,15283
69,10244;0,07915;0,15307
69,18092;0,0793;0,15331
69,25959;0,07945;0,15355
69,33843;0,07959;0,15379
69,41745;0,07974;0,15403
69,49665;0,07989;0,15427
69,57604;0,08003;0,15451
69,6556;0,08018;0,15475
69,73535;0,08049;0,15499
69,81528;0,0809;0,15524
69,89539;0,08132;0,15549
69,97569;0,08173;0,15574
70,05617;0,08214;0,15599
70,13684;0,08256;0,15624
70,21769;0,08297;0,15649
70,29873;0,08338;0,15673
70,37996;0,0838;0,15698
70,46137;0,08421;0,15723
70,54298;0,08462;0,15748
70,62477;0,08504;0,15773
70,70676;0,08545;0,15798
70,78893;0,08586;0,15823
70,87129;0,08635;0,15818
70,95385;0,08687;0,15802
71,0366;0,08739;0,15785
71,11954;0,0879;0,15768
71,20268;0,08842;0,15751
71,28601;0,08894;0,15734
71,36954;0,08946;0,15717
71,45326;0,08997;0,157
71,53718;0,09049;0,15683
71,62129;0,09101;0,15666
71,70561;0,09152;0,15649
71,79012;0,09204;0,15632
71,87483;0,09256;0,15616
71,95975;0,09308;0,15599
72,04486;0,09356;0,1558
72,13018;0,09404;0,15561
72,21569;0,09452;0,15542
72,30141;0,095;0,15524
72,38734;0,09548;0,15505
72,47347;0,09596;0,15486
72,5598;0,09644;0,15468
72,64634;0,09692;0,15449
72,73309;0,0974;0,1543
72,82004;0,09788;0,15411
72,9072;0,09836;0,15393
72,99457;0,09884;0,15374
73,08215;0,09932;0,15355
73,16995;0,09988;0,15326
73,25795;0,1005;0,15288
73,34616;0,10112;0,1525
73,43459;0,10174;0,15212
73,52323;0,10237;0,15174
73,61208;0,10299;0,15136
73,70115;0,10361;0,15098
73,79044;0,10423;0,1506
73,87994;0,10486;0,15022
73,96966;0,10548;0,14984
74,0596;0,1061;0,14946
74,14975;0,10673;0,14909
74,24013;0,10735;0,14871
74,33073;0,10792;0,14827
74,42155;0,10837;0,14768
74,51259;0,10881;0,14709
74,60385;0,10926;0,1465
74,69534;0,10971;0,14592
74,78705;0,11015;0,14533
74,87899;0,1106;0,14474
74,97115;0,11104;0,14415
75,06354;0,11149;0,14356
75,15616;0,11194;0,14298
75,24901;0,11238;0,14239
75,34209;0,11283;0,1418
75,43539;0,11328;0,14121
75,52893;0,11368;0,1406
75,62271;0,11393;0,1399
75,71671;0,11418;0,13921
75,81095;0,11444;0,13851
75,90542;0,11469;0,13781
76,00013;0,11494;0,13712
76,09508;0,1152;0,13642
76,19026;0,11545;0,13572
76,28568;0,1157;0,13503
76,38135;0,11595;0,13433
76,47725;0,11621;0,13363
76,57339;0,11646;0,13294
76,66977;0,11671;0,13224
76,7664;0,11692;0,13155
76,86327;0,11705;0,13089
76,96039;0,11718;0,13022
77,05775;0,11731;0,12956
77,15536;0,11744;0,12889
77,25322;0,11757;0,12823
77,35132;0,11769;0,12756
77,44968;0,11782;0,1269
77,54828;0,11795;0,12623
77,64714;0,11808;0,12557
77,74625;0,11821;0,1249
77,84561;0,11834;0,12423
77,94522;0,11847;0,12357
78,0451;0,11854;0,12293
78,14522;0,11859;0,12229
78,24561;0,11864;0,12166
78,34625;0,11869;0,12102
78,44715;0,11874;0,12038
78,54832;0,11879;0,11975
78,64974;0,11884;0,11911
78,75143;0,11889;0,11848
78,85338;0,11894;0,11784
78,95559;0,11899;0,11721
79,05807;0,11904;0,11657
79,16081;0,11909;0,11594
79,26383;0,11913;0,11531
79,36711;0,11915;0,1147
79,47066;0,11916;0,11409
79,57448;0,11918;0,11348
79,67857;0,1192;0,11288
79,78294;0,11921;0,11227
79,88758;0,11923;0,11166
79,99249;0,11924;0,11105
80,09768;0,11926;0,11044
80,20315;0,11928;0,10984
80,3089;0,11929;0,10923
80,41492;0,11931;0,10862
80,52123;0,11932;0,10801
80,62781;0,11927;0,10736
80,73468;0,11922;0,1067
80,84183;0,11918;0,10605
80,94927;0,11913;0,1054
81,05699;0,11908;0,10475
81,16501;0,11903;0,1041
81,2733;0,11898;0,10345
81,38189;0,11894;0,1028
81,49077;0,11889;0,10215
81,59994;0,11884;0,1015
81,7094;0,11879;0,10084
81,81916;0,11874;0,10019
81,92921;0,11862;0,09958
82,03956;0,1185;0,09897
82,15021;0,11837;0,09835
82,26116;0,11825;0,09774
82,3724;0,11813;0,09713
82,48395;0,118;0,09651
82,5958;0,11788;0,0959
82,70795;0,11776;0,09529
82,82041;0,11763;0,09467
82,93317;0,11751;0,09406
83,04624;0,11739;0,09344
83,15963;0,11725;0,09284
83,27332;0,11706;0,09227
83,38732;0,11687;0,09171
83,50163;0,11668;0,09114
83,61626;0,11649;0,09058
83,7312;0,1163;0,09001
83,84646;0,11611;0,08945
83,96204;0,11592;0,08888
84,07794;0,11572;0,08832
84,19416;0,11553;0,08775
84,31069;0,11534;0,08718
84,42756;0,11515;0,08662
84,54474;0,11496;0,08609
84,66226;0,11477;0,0856
84,78009;0,11459;0,08511
84,89826;0,1144;0,08462
85,01676;0,11421;0,08413
85,13559;0,11402;0,08363
85,25475;0,11384;0,08314
85,37425;0,11365;0,08265
85,49408;0,11346;0,08216
85,61424;0,11327;0,08167
85,73475;0,11309;0,08118
85,8556;0,1129;0,08069
85,97678;0,11274;0,08022
86,09831;0,11259;0,07975
86,22019;0,11243;0,07929
86,34241;0,11228;0,07882
86,46497;0,11212;0,07835
86,58789;0,11196;0,07788
86,71115;0,11181;0,07742
86,83477;0,11165;0,07695
86,95874;0,1115;0,07648
87,08306;0,11134;0,07602
87,20774;0,11118;0,07555
87,33278;0,11105;0,07502
87,45817;0,11092;0,07448
87,58393;0,11079;0,07393
87,71005;0,11066;0,07338
87,83653;0,11053;0,07284
87,96338;0,1104;0,07229
88,09059;0,11027;0,07174
88,21818;0,11014;0,0712
88,34613;0,11001;0,07065
88,47446;0,10988;0,07011
88,60315;0,10975;0,06956
88,73223;0,10954;0,06899
88,86168;0,10929;0,06842
88,99151;0,10904;0,06784
89,12171;0,10879;0,06727
89,2523;0,10854;0,06669
89,38328;0,10829;0,06611
89,51464;0,10804;0,06554
89,64638;0,10779;0,06496
89,77851;0,10754;0,06439
89,91104;0,10729;0,06381
90,04395;0,10704;0,06324
90,17726;0,10674;0,06269
90,31096;0,10642;0,06216
90,44506;0,1061;0,06163
90,57956;0,10577;0,0611
90,71446;0,10545;0,06056
90,84977;0,10513;0,06003
90,98547;0,1048;0,0595
91,12159;0,10448;0,05897
91,25811;0,10416;0,05844
91,39504;0,10384;0,0579
91,53238;0,10351;0,05737
91,67014;0,10311;0,05692
91,80831;0,1027;0,05647
91,94689;0,10229;0,05602
92,0859;0,10189;0,05557
92,22533;0,10148;0,05512
92,36518;0,10107;0,05467
92,50546;0,10066;0,05422
92,64616;0,10025;0,05377
92,78729;0,09985;0,05332
92,92885;0,09944;0,05287
93,07084;0,09905;0,05245
93,21327;0,09868;0,05209
93,35614;0,09831;0,05173
93,49944;0,09794;0,05136
93,64319;0,09758;0,051
93,78737;0,09721;0,05064
93,93201;0,09684;0,05027
94,07709;0,09648;0,04991
94,22261;0,09611;0,04955
94,36859;0,09574;0,04918
94,51502;0,09537;0,04882
94,66191;0,09503;0,04847
94,80925;0,09468;0,04813
94,95706;0,09433;0,04779
95,10532;0,09399;0,04745
95,25405;0,09364;0,0471
95,40325;0,09329;0,04676
95,55291;0,09295;0,04642
95,70304;0,0926;0,04607
95,85365;0,09225;0,04573
96,00473;0,09191;0,04539
96,15628;0,09156;0,04506
96,30832;0,09121;0,04474
96,46084;0,09087;0,04441
96,61384;0,09052;0,04409
96,76733;0,09017;0,04377
96,9213;0,08983;0,04344
97,07577;0,08948;0,04312
97,23073;0,08913;0,0428
97,38619;0,08879;0,04247
97,54214;0,08844;0,04215
97,6986;0,08809;0,04184
97,85555;0,08773;0,04153
98,01301;0,08737;0,04123
98,17098;0,08702;0,04092
98,32946;0,08666;0,04062
98,48846;0,0863;0,04031
98,64796;0,08595;0,04001
98,80799;0,08559;0,0397
98,96853;0,08523;0,0394
99,1296;0,08487;0,03909
99,29119;0,08452;0,03882
99,45331;0,08417;0,03856
99,61596;0,08382;0,0383
99,77914;0,08347;0,03805
99,94286;0,08311;0,03779
100,10712;0,08276;0,03753
100,27192;0,08241;0,03728
100,43726;0,08206;0,03702
100,60315;0,08171;0,03676
100,76958;0,08136;0,0365
100,93657;0,08102;0,03626
101,10411;0,08069;0,03602
101,27221;0,08035;0,03578
101,44087;0,08002;0,03554
101,61009;0,07968;0,03529
101,77988;0,07935;0,03505
101,95023;0,07901;0,03481
102,12116;0,07868;0,03457
102,29266;0,07835;0,03433
102,46474;0,07801;0,03409
102,6374;0,07769;0,03386
102,81064;0,07736;0,03363
102,98446;0,07704;0,0334
103,15888;0,07671;0,03317
103,33389;0,07639;0,03294
103,50949;0,07606;0,03271
103,68569;0,07574;0,03248
103,86249;0,07541;0,03225
104,03989;0,07508;0,03202
104,21791;0,07476;0,0318
104,39653;0,07444;0,03158
104,57576;0,07412;0,03136
104,75561;0,0738;0,03114
104,93609;0,07348;0,03092
105,11718;0,07316;0,0307
105,2989;0,07284;0,03048
105,48125;0,07252;0,03026
105,66423;0,0722;0,03005
105,84785;0,07188;0,02983
106,03211;0,07156;0,02963
106,21701;0,07124;0,02942
106,40256;0,07092;0,02921
106,58875;0,07061;0,02901
106,7756;0,07029;0,0288
106,9631;0,06997;0,0286
107,15127;0,06965;0,02839
107,3401;0,06933;0,02818
107,52959;0,06902;0,02798
107,71976;0,0687;0,02779
107,91059;0,06839;0,02759
108,10211;0,06808;0,0274
108,29431;0,06777;0,02721
108,48719;0,06745;0,02701
108,68076;0,06714;0,02682
108,87502;0,06683;0,02663
109,06998;0,06652;0,02643
109,26563;0,06621;0,02624
109,46199;0,0659;0,02606
109,65906;0,06559;0,02587
109,85684;0,06528;0,02569
110,05533;0,06497;0,0255
110,25454;0,06467;0,02532
110,45448;0,06436;0,02514
110,65514;0,06405;0,02495
110,85653;0,06374;0,02477
111,05865;0,06343;0,02459
111,26152;0,06313;0,02441
111,46512;0,06282;0,02424
111,66947;0,06252;0,02406
111,87458;0,06221;0,02388
112,08044;0,0619;0,02371
112,28705;0,0616;0,02353
112,49443;0,06129;0,02336
112,70258;0,06099;0,02318
112,9115;0,06068;0,02301
113,12119;0,06038;0,02285
113,33167;0,06007;0,02268
113,54293;0,05977;0,02252
113,75498;0,05946;0,02235
113,96782;0,05916;0,02219
114,18146;0,05885;0,02202
114,39591;0,05855;0,02186
114,61116;0,05824;0,0217
114,82722;0,05794;0,02154
115,0441;0,05764;0,02138
115,2618;0,05734;0,02123
115,48032;0,05704;0,02107
115,69967;0,05674;0,02092
115,91986;0,05644;0,02076
116,14089;0,05613;0,02061
116,36277;0,05583;0,02045
116,58549;0,05553;0,0203
116,80907;0,05523;0,02015
117,0335;0,05492;0,02
117,2588;0,05462;0,01985
117,48497;0,05432;0,0197
117,71202;0,05402;0,01956
117,93994;0,05371;0,01941
118,16875;0,05341;0,01926
118,39844;0,05311;0,01911
118,62903;0,05281;0,01898
118,86053;0,05251;0,01884
119,09292;0,05221;0,01871
119,32623;0,0519;0,01857
119,56045;0,0516;0,01844
119,7956;0,0513;0,01831
120,03167;0,051;0,01817
120,26867;0,0507;0,01804
120,50661;0,0504;0,01791
120,7455;0,05009;0,01778
120,98533;0,04979;0,01765
121,22612;0,04949;0,01752
121,46787;0,04919;0,01739
121,71058;0,04888;0,01726
121,95427;0,04858;0,01713
122,19893;0,04828;0,017
122,44458;0,04795;0,01688
122,69122;0,04763;0,01676
122,93885;0,04731;0,01664
123,18749;0,04698;0,01652
123,43713;0,04666;0,0164
123,68779;0,04633;0,01628
123,93946;0,04601;0,01615
124,19217;0,04569;0,01604
124,4459;0,04538;0,01598
124,70068;0,04507;0,01592
124,9565;0,04476;0,01586
125,21337;0,04446;0,0158
125,4713;0,04415;0,01574
125,73029;0,04384;0,01568
125,99036;0,04353;0,01562
126,2515;0,04323;0,01556
126,51373;0,04295;0,0155
126,77705;0,04267;0,01544
127,04147;0,04239;0,01538
127,30699;0,04211;0,01532
127,57363;0,04183;0,01526
127,84139;0,04155;0,0152
128,11027;0,04127;0,01514
128,38028;0,041;0,01508
128,65144;0,04074;0,01502
128,92374;0,04047;0,01496
129,1972;0,0402;0,0149
129,47182;0,03993;0,01484
129,74762;0,03967;0,01479
130,02458;0,0394;0,01473
130,30274;0,03913;0,01467
130,58209;0,03887;0,01461
130,86263;0,0386;0,01456
131,14439;0,03833;0,01451
131,42736;0,03807;0,01445
131,71155;0,0378;0,0144
131,99698;0,03753;0,01435
132,28365;0,03727;0,01429
132,57156;0,03701;0,01425
132,86073;0,03676;0,01421
133,15116;0,03651;0,01417
133,44287;0,03626;0,01413
133,73586;0,036;0,01409
134,03014;0,03575;0,01405
134,32571;0,0355;0,01401
134,62259;0,03525;0,01397
134,92079;0,03501;0,01393
135,22031;0,03478;0,01389
135,52116;0,03454;0,01386
135,82336;0,0343;0,01382
136,12691;0,03406;0,01378
136,43181;0,03382;0,01374
136,73809;0,03358;0,0137
137,04574;0,03335;0,01366
137,35478;0,03312;0,01362
137,66522;0,03289;0,01358
137,97706;0,03265;0,01354
138,29032;0,03242;0,0135
138,60501;0,03219;0,01347
138,92113;0,03196;0,01343
139,2387;0,03173;0,01339
139,55772;0,0315;0,01335
139,8782;0,03127;0,01331
140,20017;0,03103;0,01327
140,52361;0,0308;0,01323
140,84856;0,03057;0,01319
141,17501;0,03034;0,01316
141,50297;0,03011;0,01313
141,83247;0,02987;0,01311
142,1635;0,02964;0,01308
142,49608;0,0294;0,01306
142,83022;0,02917;0,01303
143,16593;0,02893;0,013
143,50323;0,0287;0,01298
143,84211;0,02848;0,01297
144,1826;0,02827;0,01296
144,52471;0,02805;0,01295
144,86844;0,02783;0,01293
145,21382;0,02762;0,01292
145,56084;0,0274;0,01291
145,90953;0,02719;0,0129
146,25989;0,02698;0,01289
146,61193;0,02677;0,01287
146,96568;0,02657;0,01286
147,32114;0,02636;0,01285
147,67832;0,02615;0,01284
148,03723;0,02595;0,01283
148,3979;0,02574;0,01281
148,76033;0,02554;0,0128
149,12453;0,02534;0,01279
149,49052;0,02513;0,01278
149,85831;0,02493;0,01277
150,22792;0,02473;0,01275
150,59935;0,02453;0,01274
150,97262;0,02433;0,01274
151,34775;0,02413;0,01274
151,72475;0,02393;0,01274
152,10363;0,02373;0,01274
152,48441;0,02353;0,01274
152,8671;0,02333;0,01274
153,25171;0,02314;0,01275
153,63826;0,02296;0,01275
154,02677;0,02277;0,01276
154,41725;0,02259;0,01276
154,80972;0,0224;0,01277
155,20418;0,02222;0,01277
155,60066;0,02204;0,01278
155,99917;0,02186;0,01278
156,39973;0,02169;0,01279
156,80235;0,02151;0,0128
157,20705;0,02134;0,0128
157,61384;0,02116;0,01281
158,02274;0,02098;0,01281
158,43377;0,02082;0,01282
158,84695;0,02065;0,01282
159,26228;0,02048;0,01283
159,67979;0,02031;0,01283
160,0995;0,02014;0,01284
160,52142;0,01997;0,01285
160,94557;0,0198;0,01286
161,37197;0,01963;0,01287
161,80063;0,01946;0,01288
162,23157;0,01929;0,01289
162,66482;0,01912;0,0129
163,10039;0,01895;0,01291
163,53829;0,0188;0,01293
163,97856;0,01864;0,01295
164,4212;0,01848;0,01297
164,86623;0,01833;0,013
165,31369;0,01817;0,01302
165,76357;0,01802;0,01304
166,21592;0,01788;0,01306
166,67074;0,01773;0,01308
167,12805;0,01759;0,01311
167,58788;0,01744;0,01313
168,05025;0,0173;0,01315
168,51518;0,01716;0,01317
168,98268;0,01703;0,0132
169,45279;0,01689;0,01322
169,92552;0,01676;0,01324
170,4009;0,01663;0,01326
170,87894;0,0165;0,01329
171,35967;0,01637;0,01331
171,84312;0,01625;0,01333
172,3293;0,01613;0,01335
172,81824;0,01601;0,01338
173,30996;0,01588;0,0134
173,80449;0,01576;0,01342
174,30184;0,01565;0,01344
174,80206;0,01553;0,01346
175,30515;0,01542;0,01347
175,81115;0,01531;0,01349
176,32007;0,01519;0,0135
176,83195;0,01508;0,01352
177,34681;0,01497;0,01354
177,86468;0,01486;0,01355
178,38558;0,01475;0,01357
178,90955;0,01464;0,01359
179,43659;0,01454;0,0136
179,96676;0,01443;0,01362
180,50006;0,01433;0,01364
181,03654;0,01423;0,01365
181,57621;0,01413;0,01367
182,11911;0,01402;0,01369
182,66527;0,01393;0,0137
183,21471;0,01383;0,01372
183,76747;0,01374;0,01374
184,32358;0,01365;0,01376
184,88306;0,01355;0,01377
185,44594;0,01346;0,01379
186,01227;0,01338;0,01381
186,58206;0,0133;0,01382
187,15536;0,01322;0,01384
187,73219;0,01315;0,01386
188,31258;0,01307;0,01388
188,89658;0,013;0,01388
189,48421;0,01292;0,01388
190,0755;0,01285;0,01388
190,6705;0,01278;0,01387
191,26924;0,01271;0,01387
191,87174;0,01264;0,01387
192,47806;0,01256;0,01386
193,08822;0,01248;0,01385
193,70226;0,01241;0,01384
194,32022;0,01233;0,01384
194,94213;0,01225;0,01383
195,56804;0,01218;0,01382
196,19798;0,0121;0,01382
196,83199;0,01202;0,01381
197,47011;0,01194;0,0138
198,11238;0,01187;0,01379
198,75885;0,01179;0,01379
199,40954;0,01171;0,01378
200,06451;0,01164;0,01377
200,7238;0,01156;0,01377
201,38745;0,01149;0,01376
202,0555;0,01141;0,01375
202,728;0,01133;0,01374
203,40499;0,01126;0,01374
204,08651;0,01118;0,01373
204,77262;0,0111;0,01373
205,46336;0,01103;0,01373
206,15877;0,01095;0,01373
206,85891;0,01087;0,01373
207,56381;0,0108;0,01373
208,27354;0,01073;0,01373
208,98814;0,01066;0,01374
209,70766;0,01059;0,01374
210,43215;0,01053;0,01374
211,16166;0,01046;0,01375
211,89625;0,0104;0,01375
212,63597;0,01035;0,01376
213,38087;0,01029;0,01376
214,13101;0,01023;0,01377
214,88644;0,01017;0,01377
215,64722;0,01012;0,01377
216,41341;0,01007;0,01378
217,18506;0,01002;0,01378
217,96223;0,00997;0,01378
218,74499;0,00994;0,01378
219,53338;0,0099;0,01379
220,32748;0,00987;0,01379
221,12735;0,00983;0,01379
221,93305;0,00979;0,01378
222,74463;0,00976;0,01377
223,56218;0,00972;0,01376
224,38575;0,00968;0,01375
225,21541;0,00965;0,01374
226,05122;0,00961;0,01373
226,89327;0,00958;0,01371
227,74161;0,00954;0,0137
228,59632;0,00951;0,01369
229,45746;0,00948;0,01368
230,32512;0,00945;0,01367
231,19937;0,00942;0,01366
232,08028;0,00939;0,01365
232,96793;0,00937;0,01364
233,86239;0,00935;0,01363
234,76375;0,00933;0,01362
235,67209;0,00931;0,01361
236,58748;0,00931;0,01359
237,51001;0,00931;0,01357
238,43976;0,00931;0,01354
239,37682;0,00931;0,01352
240,32127;0,00931;0,01348
241,27321;0,00929;0,01343
242,23271;0,00928;0,01338
243,19988;0,00927;0,01333
244,1748;0,00925;0,01328
245,15758;0,00923;0,01323
246,14829;0,00922;0,01318
247,14704;0,0092;0,01313
248,15394;0,00917;0,01308
249,16907;0,00915;0,01303
250,19254;0,00913;0,01298
251,22445;0,00911;0,01293
252,26491;0,00909;0,01288
253,31402;0,00907;0,01283
254,3719;0,00905;0,01278
255,43864;0,00903;0,01273
256,51438;0,00901;0,01268
257,59921;0,009;0,01262
258,69326;0,00898;0,01256
259,79664;0,00896;0,0125
260,90947;0,00894;0,01243
262,03188;0,00892;0,01236
263,16398;0,00889;0,0123
264,30591;0,00887;0,01223
265,4578;0,00884;0,01216
266,61976;0,00881;0,0121
267,79195;0,00878;0,01203
268,97449;0,00874;0,01197
270,16751;0,00871;0,0119
271,37117;0,00868;0,01183
272,5856;0,00864;0,01177
273,81095;0,00861;0,0117
275,04737;0,00857;0,01164
276,295;0,00854;0,01157
277,554;0,0085;0,01151
278,82453;0,00846;0,01144
280,10675;0,00842;0,01138
281,40081;0,00838;0,01131
282,70689;0,00834;0,01125
284,02514;0,00831;0,01119
285,35575;0,00827;0,01113
286,69888;0,00823;0,01107
288,05472;0,00819;0,01101
289,42344;0,00815;0,01095
290,80523;0,00812;0,01089
292,20028;0,00808;0,01082
293,60877;0,00804;0,01076
295,03092;0,008;0,0107
296,4669;0,00796;0,01064
297,91693;0,00793;0,01058
299,38122;0,00789;0,01052
300,85997;0,00785;0,01046
302,35341;0,00781;0,0104
303,86174;0,00777;0,01034
305,3852;0,00773;0,01028
306,92401;0,0077;0,01022
308,4784;0,00766;0,01016
310,04862;0,00762;0,0101
311,63491;0,00759;0,01004
313,23752;0,00755;0,00998
314,85669;0,00751;0,00992
316,49269;0,00748;0,00986
318,14578;0,00744;0,0098
319,81622;0,0074;0,00975
321,50431;0,00737;0,00969
323,2103;0,00733;0,00963
324,9345;0,0073;0,00957
326,6772;0,00726;0,00951
328,43868;0,00723;0,00945
330,21927;0,00719;0,00939
332,01927;0,00716;0,00933
333,839;0,00712;0,00927
335,67878;0,00709;0,00922
337,53896;0,00706;0,00916
339,41987;0,00702;0,0091
341,32185;0,00699;0,00904
343,24528;0,00696;0,00898
345,1905;0,00693;0,00892
347,1579;0,00689;0,00886
349,14785;0,00686;0,00881
351,16075;0,00683;0,00875
353,19699;0,0068;0,00869
355,25699;0,00677;0,00863
357,34115;0,00674;0,00857
359,44991;0,00671;0,00852
361,58371;0,00669;0,00846
363,743;0,00666;0,0084
365,92822;0,00663;0,00834
368,13987;0,00661;0,00828
370,37841;0,00658;0,00823
372,64434;0,00656;0,00817
374,93816;0,00654;0,00811
377,2604;0,00652;0,00805
379,61159;0,0065;0,008
381,99227;0,00648;0,00794
384,40299;0,00647;0,00788
386,84434;0,00646;0,00782
389,31689;0,00645;0,00775
391,82126;0,00645;0,00769
394,35805;0,00644;0,00762
396,9279;0,00644;0,00753
399,53147;0,00644;0,00744
402,16942;0,00643;0,00735
404,84244;0,00641;0,00726
407,55122;0,00639;0,00716
410,2965;0,00636;0,00707
413,07901;0,00634;0,00698
415,89952;0,00631;0,00689
418,75882;0,00628;0,0068
421,6577;0,00624;0,0067
424,59699;0,00621;0,00661
427,57755;0,00618;0,00652
430,60026;0,00614;0,00644
433,666;0,0061;0,00635
436,77571;0,00606;0,00626
439,93035;0,00603;0,00617
443,13088;0,00599;0,00608
446,37832;0,00595;0,006
449,67371;0,00591;0,00591
453,01812;0,00587;0,00582
456,41265;0,00582;0,00574
459,85844;0,00578;0,00565
463,35665;0,00574;0,00556
466,90849;0,00569;0,00547
470,5152;0,00564;0,00538
474,17807;0,00559;0,0053
477,89842;0,00554;0,00521
481,6776;0,00549;0,00513
485,51704;0,00544;0,00504
489,41817;0,00538;0,00496
493,3825;0,00533;0,00488
497,41159;0,00527;0,0048
501,50701;0,00521;0,00472
505,67044;0,00515;0,00464
509,90357;0,00509;0,00456
514,20818;0,00502;0,00448
518,58608;0,00495;0,00441
523,03917;0,00487;0,00434
527,5694;0,0048;0,00429
532,17879;0,00473;0,00425
536,86943;0,00466;0,00421
541,6435;0,00461;0,00418
546,50324;0,00458;0,00415
551,45097;0,00455;0,00412
556,4891;0,00453;0,00407
561,62014;0,00452;0,00401
566,84669;0,0045;0,00394
572,17142;0,00448;0,00387
577,59715;0,00445;0,00379
583,12675;0,00442;0,00371
588,76326;0,00438;0,00363
594,5098;0,00434;0,00356
600,36961;0,0043;0,00348
606,34609;0,00426;0,0034
612,44276;0,00422;0,00333
618,66327;0,00417;0,00325
625,01144;0,00413;0,00318
631,49124;0,00408;0,00311
638,10681;0,00404;0,00303
644,86245;0,00399;0,00295
651,76267;0,00394;0,00287
658,81216;0,00389;0,0028
666,01581;0,00384;0,00272
673,37873;0,00378;0,00264
680,90627;0,00372;0,00257
688,60401;0,00366;0,0025
696,47779;0,0036;0,00244
704,53371;0,00354;0,00237
712,77817;0,00347;0,00231
721,21788;0,00341;0,00226
729,85984;0,00336;0,0022
738,71141;0,0033;0,00215
747,78033;0,00325;0,0021
757,07468;0,0032;0,00204
766,60298;0,00315;0,00199
776,37418;0,00311;0,00193
786,39768;0,00307;0,00187
796,6834;0,00302;0,00181
807,24174;0,00297;0,00174
818,08369;0,00291;0,00168
829,22085;0,00286;0,00162
840,66542;0,0028;0,00156
852,43033;0,00274;0,0015
864,5292;0,00269;0,00144
876,97646;0,00263;0,00139
889,78739;0,00257;0,00133
902,97815;0,00251;0,00128
916,56589;0,00245;0,00122
930,56881;0,00239;0,00117
945,00622;0,00233;0,00112
959,89868;0,00228;0,00107
975,26804;0,00222;0,00103
991,13757;0,00216;9,78678E-4
1007,53211;0,0021;9,33334E-4
1024,47814;0,00204;8,88773E-4
1042,00396;0,00198;8,45008E-4
1060,13985;0,00192;8,02509E-4
1078,91822;0,00186;7,61371E-4
1098,37384;0,0018;7,21631E-4
1118,54401;0,00174;6,83254E-4
1139,46884;0,00169;6,46368E-4
1161,19148;0,00163;6,10806E-4
1183,75845;0,00157;5,76524E-4
1207,21995;0,00151;5,43491E-4
1231,63025;0,00146;5,1168E-4
1257,04808;0,0014;4,8108E-4
1283,53715;0,00134;4,51436E-4
1311,16663;0,00129;4,22834E-4
1340,01178;0,00123;3,95556E-4
1370,15464;0,00118;3,69456E-4
1401,68481;0,00113;3,44468E-4
1434,70031;0,00107;3,20718E-4
1469,30863;0,00102;2,97962E-4
1505,62789;9,70332E-4;2,76306E-4
1543,78818;9,19339E-4;2,55499E-4
1583,93313;8,68837E-4;2,35833E-4
1626,22169;8,18773E-4;2,17177E-4
1670,83027;7,6906E-4;1,99502E-4
1717,95517;7,1962E-4;1,82889E-4
1767,81549;6,70134E-4;1,67017E-4
1820,65652;6,19962E-4;1,51975E-4
1876,75378;5,68327E-4;1,37877E-4
1936,41782;5,13668E-4;1,24699E-4
2000;4,51947E-4;1,12433E-4
